Date,Open,High,Low,Close,Volume,EMA_50,EMA_200,RSI,MACD,BB_High,BB_Low,ATR,OBV,MFI,ADX
2024-01-02 00:00:00-05:00,130.66000366210938,135.64999389648438,128.6699981689453,131.24000549316406,3039300,,,,,,,0.0,3039300,,0.0
2024-01-03 00:00:00-05:00,126.81999969482422,127.30000305175781,119.5199966430664,122.62999725341797,6025500,,,,,,,0.0,-2986200,,0.0
2024-01-04 00:00:00-05:00,120.22000122070312,121.5199966430664,117.5999984741211,118.06999969482422,3928200,,,,,,,0.0,-6914400,,0.0
2024-01-05 00:00:00-05:00,115.18000030517578,119.87000274658203,114.5199966430664,115.38999938964844,4182400,,,,,,,0.0,-11096800,,0.0
2024-01-08 00:00:00-05:00,119.44000244140625,119.6500015258789,115.4000015258789,116.0,4657600,,,,,,,0.0,-6439200,,0.0
2024-01-09 00:00:00-05:00,114.22000122070312,118.20999908447266,113.12999725341797,117.05999755859375,2788900,,,,,,,0.0,-3650300,,0.0
2024-01-10 00:00:00-05:00,117.01000213623047,117.63999938964844,114.01000213623047,117.54000091552734,2771000,,,,,,,0.0,-879300,,0.0
2024-01-11 00:00:00-05:00,116.18000030517578,116.48999786376953,110.81999969482422,114.29000091552734,4056800,,,,,,,0.0,-4936100,,0.0
2024-01-12 00:00:00-05:00,115.0,117.2300033569336,109.68000030517578,110.22000122070312,3757900,,,,,,,0.0,-8694000,,0.0
2024-01-16 00:00:00-05:00,109.77999877929688,109.91999816894531,107.30000305175781,108.75,3917400,,,,,,,0.0,-12611400,,0.0
2024-01-17 00:00:00-05:00,105.51000213623047,107.0999984741211,103.87000274658203,105.55000305175781,4015900,,,,,,,0.0,-16627300,,0.0
2024-01-18 00:00:00-05:00,107.22000122070312,107.44000244140625,103.69000244140625,106.66000366210938,2908600,,,,,,,0.0,-13718700,,0.0
2024-01-19 00:00:00-05:00,106.25,106.75,101.56999969482422,103.58999633789062,5160000,,,,,,,0.0,-18878700,,0.0
2024-01-22 00:00:00-05:00,106.7300033569336,115.08000183105469,105.73999786376953,107.1500015258789,5937500,,,23.822796166238646,,,,6.038572583879743,-12941200,29.83541326766759,0.0
2024-01-23 00:00:00-05:00,113.25,115.16000366210938,108.5199966430664,111.30000305175781,4962900,,,35.80910970215574,,127.78613168861668,99.60586965415675,6.179388980476224,-7978300,35.66459703220774,0.0
2024-01-24 00:00:00-05:00,114.37999725341797,114.63999938964844,108.05000305175781,108.06999969482422,3906200,,,31.636664039451148,,122.89146468542403,101.4112025509041,6.208718077434396,-11884500,37.410943038605446,0.0
2024-01-25 00:00:00-05:00,109.18000030517578,110.0999984741211,103.72000122070312,106.83000183105469,3888000,,,30.182686475114508,,120.5416662754178,101.65433490459522,6.220952304290365,-15772500,37.72024424567035,0.0
2024-01-26 00:00:00-05:00,107.69999694824219,109.44999694824219,104.97000122070312,105.37000274658203,2581900,,,28.52064196867201,,119.3123731723521,101.19029508122864,6.096598263093844,-18354400,39.034982016781605,0.0
2024-01-29 00:00:00-05:00,105.2300033569336,109.44000244140625,103.44000244140625,109.16999816894531,3232200,,,38.07813439509912,,118.47870859264607,101.1946261648409,6.0896983871585695,-15122200,36.98733839149788,0.0
2024-01-30 00:00:00-05:00,107.73999786376953,110.95999908447266,106.26000213623047,106.3499984741211,3030500,,,34.40195180842824,,117.32607122303051,101.06059666433927,5.9904339986645425,-18152700,42.50935718740606,0.0
2024-01-31 00:00:00-05:00,105.45999908447266,111.93000030517578,104.05000305175781,104.12999725341797,5027800,,,31.799234989247637,,115.64593357405607,101.01673427262361,6.125402802575501,-23180500,35.74560941369948,0.0
2024-02-01 00:00:00-05:00,106.58999633789062,109.91000366210938,102.76000213623047,105.44000244140625,3998800,,,34.92779056341243,,113.04884973407405,102.00048498272281,6.198588425668602,-19181700,35.96869103058697,0.0
2024-02-02 00:00:00-05:00,102.97000122070312,102.97000122070312,98.87999725341797,101.76000213623047,4306600,,,30.671345964985136,,111.62713708094452,101.75153113194611,6.224403908691436,-23488300,35.88869435524971,0.0
2024-02-05 00:00:00-05:00,98.80999755859375,99.05000305175781,93.5199966430664,97.80000305175781,6693000,,,26.875838823421816,,112.13727681730141,99.58539163972985,6.368375450439481,-30181300,34.62532055342338,0.0
2024-02-06 00:00:00-05:00,97.1500015258789,101.0999984741211,95.5999984741211,100.51000213623047,7429100,,,32.98740032369396,,111.9144009763961,98.70960109879921,6.306348632550946,-22752200,44.104977690565605,0.0
2024-02-07 00:00:00-05:00,119.54000091552734,124.0999984741211,114.69999694824219,117.51000213623047,16861300,,,57.17002980989446,-4.172895493242962,115.0932799791619,97.12538864062975,7.540894897218066,-5890900,55.49192723836321,0.0
2024-02-08 00:00:00-05:00,117.8499984741211,120.9800033569336,114.33999633789062,116.87999725341797,7157500,,,56.35834952159994,-3.0564598602099977,117.2648643980103,96.31647003395585,7.476545763062702,-13048400,53.536525409641,0.0
2024-02-09 00:00:00-05:00,117.8499984741211,124.55000305175781,117.30000305175781,122.47000122070312,5449100,,,61.57173926635338,-1.7010018841162946,120.94110529501319,95.15756312132797,7.490364337011068,-7599300,53.60449881385505,47.90844426664205
2024-02-12 00:00:00-05:00,123.5,132.8800048828125,122.80000305175781,128.89999389648438,6861900,,,66.52531265341472,-0.10671485880544651,126.03733308579001,92.96133431329852,7.698910003089519,-737400,55.289968341571196,46.26287245737549
2024-02-13 00:00:00-05:00,119.93000030517578,125.44999694824219,119.19999694824219,123.55999755859375,6110400,,,59.64856572121674,0.7176039273334851,128.28022013270444,92.35311320062888,7.8418447848861375,-6847800,53.387401729749044,44.16496880769138
2024-02-14 00:00:00-05:00,126.61000061035156,131.7899932861328,124.4000015258789,131.6199951171875,4056500,,,65.45328829533398,1.9982226798107092,132.68343216254223,91.08990056043953,7.869569852218489,-2791300,58.35431022076323,42.85850385583482
2024-02-15 00:00:00-05:00,135.38999938964844,138.2100067138672,133.27999877929688,136.38999938964844,5227200,,,68.3546442607399,3.359297853146586,137.73751198510683,89.97715374568743,7.7781728339657175,2435900,63.00217745737277,42.20360441204644
2024-02-16 00:00:00-05:00,134.49000549316406,137.5,131.7899932861328,131.8699951171875,3218900,,,62.95884467835495,4.026814552935406,140.62581586196438,90.62218218491063,7.630446682530108,-783000,58.96903619721968,41.35029681492289
2024-02-20 00:00:00-05:00,129.60000610351562,131.8000030517578,125.70999908447266,127.55000305175781,4047500,,,58.22790173493904,4.159293346092539,142.26399761429806,91.43466775028526,7.52541449325759,-4830500,54.60776790937889,39.61459314546773
2024-02-21 00:00:00-05:00,122.43000030517578,126.61000061035156,120.54000091552734,126.23999786376953,4157400,,,56.8332423814494,4.111186079625767,143.33465913697233,93.0160061462308,7.48859932489851,-8987900,54.71090723684035,37.29254717969428
2024-02-22 00:00:00-05:00,128.14999389648438,128.47999572753906,122.7300033569336,123.44000244140625,4007400,,,53.86361804047911,3.8032826197310925,143.56968213660508,95.35565050499646,7.3644131138775775,-12995300,59.226460110206446,35.34891336973792
2024-02-23 00:00:00-05:00,123.36000061035156,124.20999908447266,117.7699966430664,118.19000244140625,3660300,,,48.72295255437926,3.099902044375085,143.2528951157269,97.37243752587469,7.298383780129625,-16655600,59.20546863314687,32.884946285935406
2024-02-26 00:00:00-05:00,118.75,122.44000244140625,117.81999969482422,119.83999633789062,2594600,,,50.32748208786965,2.645117322725966,142.22344151668636,100.81255701846987,7.10707084916194,-14061000,61.2326698966556,30.596976850975928
2024-02-27 00:00:00-05:00,121.73999786376953,122.43000030517578,119.02999877929688,121.11000061035156,2678800,,,51.583302098776805,2.359971601599156,139.47591657384817,106.66808163578726,6.842280183213153,-11382200,59.53460895921032,28.472433804227844
2024-02-28 00:00:00-05:00,121.0,122.0999984741211,118.08000183105469,119.0999984741211,2912200,,,49.452347688970185,1.9493305203150442,135.77461608011743,112.8480483079034,6.6406885017740995,-14294400,46.412575794594375,26.519358225216877
2024-02-29 00:00:00-05:00,123.69000244140625,129.66000366210938,123.08000183105469,127.01000213623047,5269900,,,56.983551768207676,2.236386027735776,135.87210929901107,114.01722175567642,6.9206396936465415,-9024500,56.26750591385907,25.586017787447084
2024-03-01 00:00:00-05:00,127.33000183105469,130.9199981689453,123.43000030517578,129.66000366210938,2641500,,,59.17793520789672,2.6471973187738485,136.04805052608214,115.54528138309755,6.961308134369612,-6383000,54.31841461638805,24.875299548137455
2024-03-04 00:00:00-05:00,130.35000610351562,131.08999633789062,123.06999969482422,123.97000122070312,2793200,,,52.93393176836451,2.4849871974091684,136.04504286154008,115.74828904763962,7.036928742133669,-9176200,45.510674173352356,24.151726061697314
2024-03-05 00:00:00-05:00,122.13999938964844,126.41999816894531,120.36000061035156,125.08999633789062,3076700,,,53.96359009031189,2.4189248928972944,135.66761932162845,115.61771291307207,6.9671479433093895,-6099500,48.146182262647585,22.998125889505616
2024-03-06 00:00:00-05:00,127.31999969482422,129.75999450683594,121.19999694824219,125.36000061035156,2858900,,,54.22358579575191,2.3611393838276484,135.72794224654305,115.7973903950585,7.080922915829701,-3240600,46.75963748089955,22.40244959947759
2024-03-07 00:00:00-05:00,127.06999969482422,131.1999969482422,126.0199966430664,129.69000244140625,2711400,,,58.291667614100504,2.634371516990214,135.33990981476097,115.92809047006973,6.9922853031197665,-529200,43.467555011137755,22.047474426304866
2024-03-08 00:00:00-05:00,132.0,135.39999389648438,129.3800048828125,130.27999877929688,3277100,,,58.82856322199384,2.865486183693008,133.49987712459622,116.95345641218762,6.922835568159202,2747900,50.84965479368372,22.264236790799437
2024-03-11 00:00:00-04:00,130.27999877929688,133.66000366210938,128.2100067138672,128.69000244140625,2539100,,,56.70992130083663,2.8870665003527307,132.74097317057627,117.2883613427701,6.817632809593702,208800,52.550113171243794,22.223914731123614
2024-03-12 00:00:00-04:00,127.45999908447266,127.93000030517578,119.05000305175781,121.0,4504500,,,47.75254396158333,2.257625624912947,132.4212772151636,116.73472355794837,7.019230422454754,-4295700,52.225888589788,20.700468478040534
2024-03-13 00:00:00-04:00,119.0999984741211,121.62999725341797,116.3499984741211,118.16999816894531,4057400,121.92186567992609,,44.93938744561839,1.512990882704628,132.44075140385613,115.63924940994595,6.89499959080062,-8353100,43.567329016925754,19.679823813733723
2024-03-14 00:00:00-04:00,116.58999633789062,117.69999694824219,109.30999755859375,110.41000366210938,4212300,121.47042011059995,,38.28007302145128,0.29331463247810063,133.98793099548516,112.35473664774402,7.035356806482831,-12565400,43.30499220915001,19.635603041569542
2024-03-15 00:00:00-04:00,109.08000183105469,110.87999725341797,106.5199966430664,107.7300033569336,4743500,120.93158023790714,,36.280515357351554,-0.8794039882829594,135.58961285315155,109.35838824548127,6.844259935330598,-17308900,41.81851959080249,19.909848734005283
2024-03-18 00:00:00-04:00,108.8499984741211,112.8499984741211,106.48999786376953,111.19000244140625,3419400,120.54955757922085,,40.59482469590765,-1.5121676076303316,136.13788482552047,107.6567837535811,6.809669983546381,-13889500,42.336074039041854,19.81330577537231
2024-03-19 00:00:00-04:00,109.3499984741211,111.05999755859375,108.30000305175781,109.16000366210938,2406100,120.10290840600078,,38.92941392812508,-2.152627125323548,136.70044845525635,105.50088719741291,6.529693512553671,-16295600,42.95100429380645,19.723658742355983
2024-03-20 00:00:00-04:00,109.37000274658203,115.3499984741211,108.22000122070312,113.69999694824219,3435600,119.85181383902986,,44.421089172863915,-2.2677155778951175,136.75231002434143,104.72902542487734,6.572572351186835,-12860000,40.08513740501317,18.866577602275733
2024-03-21 00:00:00-04:00,114.62999725341797,118.55999755859375,114.05999755859375,115.37999725341797,3261200,119.67644848273136,,46.34387493727342,-2.1980245625124297,135.81304838214643,104.117619749364,6.45024579827003,-9598800,40.51266695851319,17.542990504595473
2024-03-22 00:00:00-04:00,114.6500015258789,115.2300033569336,112.4000015258789,114.61000061035156,2236200,119.47776425244197,,45.565795430371985,-2.179798860306093,134.11812570658304,103.80587535135967,6.202370793217818,-11835000,41.22250542908886,16.575847155561185
2024-03-25 00:00:00-04:00,114.01000213623047,116.30999755859375,110.94999694824219,111.05000305175781,2802700,119.14726381319946,,42.0506006938746,-2.4246668605700705,133.48721294377665,102.71412169164,6.1422014944416565,-14637700,41.71488484882294,15.907152325379597
2024-03-26 00:00:00-04:00,112.7300033569336,113.44999694824219,109.25,109.3499984741211,2551300,118.76305732931404,,40.445985397104636,-2.7244963785305885,132.53469019288832,101.56797806069243,6.003472598284552,-17189000,35.65388522129723,15.554788590183156
2024-03-27 00:00:00-04:00,110.69999694824219,120.08000183105469,110.69999694824219,119.80000305175781,4947100,118.80372186744908,,52.45604368998689,-2.0947385544599086,131.60683273678754,101.7545025089807,6.341081938188055,-12241900,38.26899914044939,14.812751300208413
2024-03-28 00:00:00-04:00,119.69999694824219,124.4000015258789,119.4000015258789,120.9800033569336,2968700,118.88906623958574,,53.5940842528151,-1.4833358069322742,129.5625209250894,102.63748110941583,6.245290371174623,-9273200,37.48400398130685,14.751017570723482
2024-04-01 00:00:00-04:00,121.33000183105469,123.13999938964844,117.5199966430664,118.29000091552734,2084200,118.86557348177953,,50.619440237604714,-1.2019995378768442,126.54092486111455,104.06041079155472,6.20062696941801,-11357400,38.040436878136276,14.355137611926454
2024-04-02 00:00:00-04:00,115.44999694824219,115.80000305175781,112.37999725341797,113.55000305175781,2504200,118.65711973942575,,45.796010600382644,-1.3460008713349652,122.96769181177716,105.61497725560567,6.179868161753107,-13861600,39.995040394059544,13.523128852496573
2024-04-03 00:00:00-04:00,112.05999755859375,118.66000366210938,111.16999816894531,118.5999984741211,2917400,118.65487968980597,,51.13804821789713,-1.0406347499374533,122.38516264580171,105.87750621813059,6.2734493997110325,-10944200,47.822447287387,12.814045559384397
2024-04-04 00:00:00-04:00,120.58999633789062,127.66999816894531,120.0,120.77999877929688,5141900,118.7382176933154,,53.27867565766677,-0.615625545011568,122.99112506494092,105.6195438803716,6.473202992219117,-5802300,58.48245875694945,13.342242158428348
2024-04-05 00:00:00-04:00,113.58000183105469,117.58000183105469,112.25,112.2699966430664,6268500,118.48456196585467,,44.99227337620351,-0.9544860187431539,122.94049456791018,105.91817344152992,6.620116977010385,-12070800,56.31540372825388,12.650758705847277
2024-04-08 00:00:00-04:00,112.79000091552734,116.44999694824219,112.36000061035156,115.23999786376953,2624200,118.35732415792977,,48.030186780946806,-0.9721744860409416,122.65296340827429,107.20703720207727,6.445822929022199,-9446600,55.69558953141983,12.008666928450568
2024-04-09 00:00:00-04:00,115.33000183105469,122.02999877929688,115.33000183105469,121.9800033569336,3448300,118.49939000887109,,54.210442513062986,-0.4372898044287865,123.84069415015426,107.45797324893428,6.4704070709154236,-5998300,61.70077317988233,12.121872343218012
2024-04-10 00:00:00-04:00,116.16000366210938,120.02999877929688,113.0,119.5999984741211,5005500,118.54255112515541,,51.86496300216496,-0.20309518920853975,123.96721523271272,108.72345147464405,6.64966394848815,-11003800,52.72582004313157,11.867498455698316
2024-04-11 00:00:00-04:00,122.19999694824219,124.80000305175781,117.69000244140625,121.69999694824219,3180000,118.66637252998235,,53.765770473241844,0.15022634132648705,124.79922245057062,108.95811092345281,6.682545138621251,-7823800,52.79002236605792,12.212514832672337
2024-04-12 00:00:00-04:00,121.69999694824219,123.43000030517578,116.33999633789062,117.0199966430664,2911700,118.60180876971114,,49.11130434073178,0.051999865505706566,124.86796057288569,109.1080393864242,6.711649340668672,-10735500,51.958957406351395,12.31277226167643
2024-04-15 00:00:00-04:00,116.5199966430664,117.51000213623047,111.80000305175781,112.47000122070312,2784300,118.36134572857357,,45.02985585562755,-0.3885133884513152,124.96615098671231,108.72451572064446,6.640102893797528,-13519800,51.94868297336383,11.697490410397359
2024-04-16 00:00:00-04:00,111.81999969482422,112.27999877929688,108.70999908447266,110.47000122070312,2932700,118.05188123806884,,43.325424947586114,-0.8887615117686352,125.04220542280777,108.57112770707505,6.434381411114167,-16452500,51.57797057735604,11.043157565057712
2024-04-17 00:00:00-04:00,111.80000305175781,114.37999725341797,108.55999755859375,112.05000305175781,3624400,117.81651346605665,,45.09355595473856,-1.144525433693559,124.66135814574766,109.31197559448673,6.390497002807742,-12828100,50.09482893852608,10.381903547449355
2024-04-18 00:00:00-04:00,111.0,113.25,106.81999969482422,109.16999816894531,3174800,117.47743443479737,,42.491319804657934,-1.5616112271788438,124.70858923948055,107.84741051637883,6.393318667262602,-16002900,43.81589609646134,9.776359213401602
2024-04-19 00:00:00-04:00,109.36000061035156,109.8499984741211,105.95999908447266,106.4800033569336,3449500,117.04616262782233,,40.16016754982245,-2.085178187395556,124.64094015016208,105.98172627236396,6.214510147433019,-19452400,42.89550214659012,9.346710615003312
2024-04-22 00:00:00-04:00,107.22000122070312,110.9000015258789,105.61000061035156,110.51000213623047,3557800,116.7898426085442,,45.02609018882591,-2.15013612326365,124.266151933621,105.31918131833213,6.148473773725471,-15894600,48.75022964979482,8.767753434304758
2024-04-23 00:00:00-04:00,109.93000030517578,116.0999984741211,109.6500015258789,113.4800033569336,6413600,116.660044990834,,48.358872471085775,-1.9396029428960873,124.26399786854549,105.3120020907644,6.1700111433338085,-9481000,51.91406841684365,8.882079963900896
2024-04-24 00:00:00-04:00,112.5999984741211,118.23999786376953,105.93000030517578,107.16999816894531,10885700,116.2878862919364,,42.46811580928367,-2.2559137944374044,123.97952487683928,104.07247504178052,6.608581601566661,-20366700,38.32909081910981,8.348306543980279
2024-04-25 00:00:00-04:00,105.56999969482422,108.55000305175781,98.4000015258789,107.83000183105469,7493500,115.95620454837241,,43.246844618216436,-2.425377402577155,122.86649699985914,103.45883665899503,6.861540167588965,-12873200,37.932261277088806,8.74038342291338
2024-04-26 00:00:00-04:00,111.36000061035156,115.47000122070312,109.55000305175781,111.93000030517578,5827300,115.79831418589411,,47.95925577924081,-2.2034430018726994,122.8536485387472,103.42635227505488,6.917144397736069,-7045900,40.95703636774823,8.180874098057192
2024-04-29 00:00:00-04:00,113.63999938964844,115.75,111.12999725341797,113.8499984741211,3117900,115.72190964817753,,50.05087604829432,-1.8512900647453847,122.70544127660564,103.38922628524331,6.753062851225066,-3928000,40.47361811216237,7.701053779518219
2024-04-30 00:00:00-04:00,111.25,111.94999694824219,108.69000244140625,108.76000213623047,2768300,115.44889366731687,,44.89887288854799,-1.9603290376568907,120.75644155863833,103.57555917378355,6.6392723641886215,-6696300,42.13908913729916,7.409066356053292
2024-05-01 00:00:00-04:00,109.05000305175781,110.94999694824219,105.05999755859375,105.16000366210938,4364100,115.0454077847597,,41.63458671505332,-2.310597865792019,119.47622253450086,102.93044555631946,6.585752866007179,-11060400,36.12928718122688,7.648873826378398
2024-05-02 00:00:00-04:00,107.37000274658203,107.80999755859375,102.33999633789062,106.05999755859375,4241700,114.69303875628262,,42.75508610371428,-2.486899025827441,116.62326210063367,103.69807273823352,6.506056319914032,-6818700,35.615874063184506,8.231688796137519
2024-05-03 00:00:00-04:00,110.5199966430664,117.26000213623047,110.5199966430664,114.19999694824219,6067200,114.67370378341829,,51.77316991742112,-1.9473413050191084,115.75435954064096,104.19097533891633,6.841338338322795,-751500,43.091513154304494,7.958114220219721
2024-05-06 00:00:00-04:00,114.27999877929688,117.5,114.0,115.08000183105469,2758300,114.68963704018836,,52.64176675909438,-1.4322191535629116,116.35953395079656,103.93380101014094,6.602671314156881,2006800,47.39262856202261,7.7365176079796365
2024-05-07 00:00:00-04:00,115.86000061035156,118.80000305175781,113.4000015258789,114.93000030517578,2557500,114.69906305058002,,52.46829779616035,-1.0242777702577968,117.10129817739954,103.78670332813431,6.516766329279883,-550700,46.614400498047395,7.713990365527117
2024-05-08 00:00:00-04:00,112.04000091552734,115.44999694824219,111.51000213623047,112.36000061035156,2822100,114.60733511174755,,49.46100091150876,-0.8980071148878324,117.14366796544631,103.78566654790005,6.332711220903585,-3372800,46.80039671855318,7.3822768621133985
2024-05-09 00:00:00-04:00,110.52999877929688,112.0999984741211,108.5199966430664,111.12999725341797,3726200,114.47096892122482,,48.041759919286946,-0.8869633408361324,117.24453088218935,103.94613684242002,6.154660702787983,-7099000,46.53687531613362,7.110944795609515
2024-05-10 00:00:00-04:00,112.98999786376953,113.69999694824219,107.44000244140625,108.3499984741211,3201800,114.23093086447567,,44.90547484784714,-1.0899692513567913,117.12139149331729,104.31860891358376,6.162184545934266,-10300800,41.47544709927053,6.612420880566119
2024-05-13 00:00:00-04:00,108.69000244140625,113.48999786376953,108.69000244140625,110.77999877929688,2950200,114.09560019446866,,48.09518123136483,-1.0427519859517531,117.13844642104529,104.3375535382646,6.089171320485278,-7350600,38.116982927277995,6.149505816597251
2024-05-14 00:00:00-04:00,114.54000091552734,121.38999938964844,113.12000274658203,117.11000061035156,4521500,114.21381197548368,,55.34740444480647,-0.48891777740553266,118.01944638048082,103.94055321261814,6.412087698332869,-2829100,50.677211469054534,6.9351312382044386
2024-05-15 00:00:00-04:00,120.45999908447266,121.62000274658203,114.05999755859375,115.47000122070312,3875700,114.26307429882563,,53.270692042607145,-0.18025653652325957,118.59266495651491,104.47400171015175,6.494081804736828,-6704800,53.52115372199917,7.696088869395852
2024-05-16 00:00:00-04:00,117.30999755859375,117.91999816894531,114.0199966430664,116.8499984741211,2733400,114.36452230569996,,54.80731206938588,0.1737115275349339,119.36435251252945,104.90498037321274,6.308790356246976,-3971400,45.03697359769944,8.394341179827046
2024-05-17 00:00:00-04:00,116.68000030517578,118.11000061035156,113.66000366210938,114.31999969482422,2259100,114.36277632095974,,51.465947340120074,0.2472340508555675,119.60352483123793,104.9844746397907,6.176019398532348,-6230500,39.360782938373546,8.9626315505203
2024-05-20 00:00:00-04:00,114.5,114.79000091552734,110.66999816894531,113.44999694824219,2451800,114.32698105144141,,50.329644124753955,0.23261775685404018,119.55684817646322,104.97781775778158,6.029161066250182,-8682300,39.55492672031611,8.836628181563919
2024-05-21 00:00:00-04:00,112.37999725341797,113.27999877929688,110.91999816894531,111.5,2540000,114.21611904942411,,47.783125764987766,0.06296001774114757,119.51259192174786,105.38740706099955,5.779220902896375,-11222300,40.923937654800795,8.719625053247277
2024-05-22 00:00:00-04:00,111.41999816894531,124.79000091552734,111.22000122070312,121.2300033569336,8382200,114.49117333599311,,58.94531575259369,0.7055023985591902,120.70982169641147,106.33284391231248,6.335705102319793,-2840100,54.158721809676,10.333761212197627
2024-05-23 00:00:00-04:00,121.66000366210938,122.1500015258789,116.11000061035156,117.5,5109100,114.60916653850319,,54.165185911310374,0.903328755073673,120.50680191100517,108.06119735657296,6.31458337469176,-7949200,42.94243388063547,11.832601931222952
2024-05-24 00:00:00-04:00,118.9000015258789,127.5199966430664,118.13999938964844,125.18000030517578,5479500,115.02370903915703,,61.15086248353391,1.6606761669429204,123.27659975420393,106.75539996096533,6.579255751004235,-2469700,46.29148123634422,13.829229488913644
2024-05-28 00:00:00-04:00,128.75,131.1300048828125,127.26000213623047,129.3800048828125,4699900,115.58670103302588,,64.35076281587456,2.5701575395073206,126.90646935794884,105.03219743078814,6.534309238620841,2230200,48.89699656361319,16.035684469579984
2024-05-29 00:00:00-04:00,125.54000091552734,128.83999633789062,124.80000305175781,125.69000244140625,3980900,115.98290893139374,,59.69834276949917,2.959065456709041,128.62284403918,104.75048970105439,6.394715852366116,-1750700,47.53398037287298,17.498174026930073
2024-05-30 00:00:00-04:00,127.0,133.33999633789062,126.37000274658203,130.66000366210938,3948700,116.55848127377475,,63.523528803124336,3.6265111820176656,131.4563712575462,104.3569628895892,6.484378569803135,2198000,54.4723063403322,19.312023613002484
2024-05-31 00:00:00-04:00,132.0,134.0,125.2300033569336,127.9000015258789,6043300,117.00324677385726,,60.111409749487464,3.8879398712408886,132.91638117727777,105.13295353951908,6.647637003607654,-3845300,51.203952391695914,20.723897425381903
2024-06-03 00:00:00-04:00,131.2100067138672,131.61000061035156,126.73999786376953,127.55000305175781,2226200,117.41684505926513,,59.67367226168568,4.020535805075724,133.5493466381453,107.05998868900316,6.520663128105824,-6071500,46.88564643207337,22.03492310830565
2024-06-04 00:00:00-04:00,128.0399932861328,132.1999969482422,125.9000015258789,129.77000427246094,2964500,117.90128267546889,,61.58455669578899,4.255697550842001,134.55951073038665,108.58182532918366,6.504901149124214,-3107000,45.764549614653355,23.030775314067768
2024-06-05 00:00:00-04:00,131.5800018310547,134.97999572753906,129.3300018310547,133.24000549316406,2612500,118.50280121733928,,64.42237023496658,4.66825232024955,136.61351996945146,108.67848340782716,6.443836345364225,-494500,51.543741362580974,24.292197260630523
2024-06-06 00:00:00-04:00,133.0,133.0,129.97000122070312,132.3000030517578,1740800,119.04386795594394,,63.06330969117619,4.863293585054976,137.95170016680342,109.58430345461585,6.217134054442561,-2235300,52.21872834156504,25.46351763958165
2024-06-07 00:00:00-04:00,129.91000366210938,130.3800048828125,122.05999755859375,122.75,3724300,119.18920646747556,,51.23709374656502,4.198857938422648,137.87528688747963,110.44738360405681,6.50448201435124,-5959600,50.67907771440978,24.586827594330625
2024-06-10 00:00:00-04:00,123.2300033569336,131.24000549316406,122.0199966430664,130.6699981689453,3441900,119.63943359302338,,58.23251158600145,4.262233192419487,138.24324105569607,112.25942923238986,6.698448216904555,-2517700,55.700739509468534,23.911498355397775
2024-06-11 00:00:00-04:00,129.38999938964844,132.85000610351562,126.37000274658203,132.41000366210938,2667300,120.14024026239932,,59.60363512419684,4.402117568168904,138.30200112894818,114.72867005432005,6.6828450126209145,149600,60.050659268236444,23.54605910446335
2024-06-12 00:00:00-04:00,139.60000610351562,141.6300048828125,133.08999633789062,134.52000427246094,4992600,120.70415257651939,,61.264242358148415,4.629866144089846,137.34884755832257,118.75115752794045,6.864070456055358,5142200,58.20631993794983,24.379712569754
2024-06-13 00:00:00-04:00,134.02000427246094,134.99000549316406,128.6999969482422,129.72000122070312,2671700,121.05771526844816,,55.65889142876436,4.37263340435392,137.19082001064973,120.04118479078258,6.823066033831537,2470500,60.45532084730746,24.20537739572799
2024-06-14 00:00:00-04:00,129.38999938964844,131.74000549316406,124.27999877929688,124.61000061035156,3055000,121.1970205759738,,50.37476835631849,3.713631825622741,135.7200454640251,122.4599594187874,6.8685617966912265,-584500,52.51343414494848,23.2053441314471
2024-06-17 00:00:00-04:00,123.66999816894531,124.19999694824219,118.31999969482422,120.83000183105469,3668500,121.18262768401618,,46.83280599076828,2.853461092648729,136.39857273441277,121.20143235185026,6.827236019465235,-4253000,44.04262882409221,21.784022956267314
2024-06-18 00:00:00-04:00,119.5,121.19000244140625,118.25,119.01000213623047,2673100,121.09742668214224,,45.18542668215666,2.0018349177384067,137.12505534432822,119.09228270905716,6.5495764781753065,-6926100,45.39844041343602,20.474918725267578
2024-06-20 00:00:00-04:00,110.91999816894531,113.0,107.6500015258789,108.56999969482422,7522000,120.60615503558076,,37.11941999787792,0.47897279201001197,140.24616177998413,113.68850924052367,6.893178201902182,-14448100,34.976500937609615,20.649539657669653
2024-06-21 00:00:00-04:00,107.83000183105469,108.80000305175781,105.41999816894531,106.66999816894531,5712700,120.05963908002643,,35.86464806326555,-0.8711782577562559,141.8701647595353,108.86583886188397,6.642237250538633,-20160800,35.94137444148956,21.05217482815967
2024-06-24 00:00:00-04:00,106.91999816894531,109.11000061035156,104.55000305175781,108.0199966430664,5093000,119.58749623936133,,37.48173926182887,-1.8113687659594007,142.58558991796747,105.49974638574345,6.493505843971142,-15067800,43.039284995231846,21.520934500424552
2024-06-25 00:00:00-04:00,106.94000244140625,108.0,101.5199966430664,101.8499984741211,5617300,118.89190809170485,,33.34376225816874,-3.0195364680178045,143.7805524154474,100.87811661124532,6.4939697122589175,-20685100,35.90612771729283,22.283554067268295
2024-06-26 00:00:00-04:00,101.36000061035156,103.16000366210938,100.41000366210938,102.94999694824219,4486800,118.2667351056867,,34.727301981863974,-3.8439467669311966,143.6227625329628,97.45990551716739,6.2265433042404235,-16198300,30.12941418334829,23.10971797638516
2024-06-27 00:00:00-04:00,102.94999694824219,106.48999786376953,101.58000183105469,105.2300033569336,3206800,117.75549072338266,,37.61759337285959,-4.264165757501274,141.87571231087318,95.47228878775961,6.132504213417168,-12991500,34.589287903404696,23.17909818452018
2024-06-28 00:00:00-04:00,105.16999816894531,105.55000305175781,98.37000274658203,99.70999908447266,5477000,117.04782438460188,,33.72410785246406,-4.98514489996758,140.2884788354452,92.71418840088292,6.207325362828498,-18468500,34.144386829332205,23.62544452267096
2024-07-01 00:00:00-04:00,99.5,99.70999908447266,96.87999725341797,97.26000213623047,3124500,116.27183135525398,,32.13436077792731,-5.688645182386793,140.15141486989765,89.45258598459455,5.966087967701797,-21593000,28.298991693103773,24.211343302093272
2024-07-02 00:00:00-04:00,96.44999694824219,99.58000183105469,95.20999908447266,95.7699966430664,3725600,115.46783783712897,,31.171954154439675,-6.29385358906579,137.97799333263876,86.97267398506959,5.8520818804789565,-25318600,23.0974583612076,24.94739710401354
2024-07-03 00:00:00-04:00,97.0,99.18000030517578,95.25,99.16999816894531,3961700,114.82870686974921,,35.89028823838032,-6.425069699481327,134.17544897030817,86.34321761497829,5.714790339385872,-21356900,19.61059416932042,25.630875634368074
2024-07-05 00:00:00-04:00,100.69000244140625,101.45999908447266,97.0,97.13999938964844,2858200,114.135032066608,,34.37509339469551,-6.616591401437631,128.64994449272305,86.88472144152175,5.625162392606357,-24215100,24.221026884726953,25.70090065269525
2024-07-08 00:00:00-04:00,98.5999984741211,102.94999694824219,97.76000213623047,102.80999755859375,3542900,113.69091306629372,,41.76965944937927,-6.238933719676282,123.32992200579152,88.61674344017202,5.638364904462599,-20672200,29.957510189916306,25.406753534586787
2024-07-09 00:00:00-04:00,101.69000244140625,104.76000213623047,100.04000091552734,103.58999633789062,3301600,113.29479868478772,,42.72575014534332,-5.809726986960058,118.79489924963093,90.34909896000448,5.572767498479779,-17370600,35.87486134796343,24.70469143091333
2024-07-10 00:00:00-04:00,104.80999755859375,107.27999877929688,102.55000305175781,106.75,2976000,113.03813991283526,,46.554354055350984,-5.155166126607185,115.0151357717012,92.25152886046025,5.512569514841156,-14394600,40.921078786076855,23.483578521133374
2024-07-11 00:00:00-04:00,111.63999938964844,115.29000091552734,108.75,111.68000030517578,6112400,112.98487953606431,,51.950838009518804,-4.190308834161613,112.24441496926445,94.04491608542304,5.72881461489017,-8282200,53.04369190220127,22.730355638507888
2024-07-12 00:00:00-04:00,113.51000213623047,119.70999908447266,113.30000305175781,119.33999633789062,5640600,113.2340998028026,,58.89554238946154,-2.7755598892180444,115.8141453647655,91.91118524233087,5.893184912347792,-2641600,63.33638103494703,22.664665290949007
2024-07-15 00:00:00-04:00,114.66000366210938,115.87000274658203,110.3499984741211,113.05999755859375,5350700,113.22727226381402,,52.23043315609199,-2.136476602619638,117.038877778879,91.53845274683715,6.114385837449345,-7992300,53.97123473236808,22.009854523744973
2024-07-16 00:00:00-04:00,114.61000061035156,116.4000015258789,111.12000274658203,116.16999816894531,3620600,113.34267327970153,,54.94944199034723,-1.3633317954547266,118.80764195271692,90.8563554431164,6.054786761867026,-4371700,62.31119589975935,21.482341420056976
2024-07-17 00:00:00-04:00,112.63999938964844,115.19999694824219,108.62000274658203,111.1500015258789,4367000,113.25668615210064,,50.00206617508696,-1.1425105899096764,119.66657918182246,91.23741862091192,6.161587380473902,-8738700,62.01276930315623,20.484124329252914
2024-07-18 00:00:00-04:00,113.62000274658203,115.2300033569336,105.58000183105469,107.94999694824219,4928200,113.0485806931258,,47.09144623822231,-1.2117534796227858,119.98408251644702,91.58658195295402,6.410759819431402,-13666900,54.673379719238824,19.06219190772295
2024-07-19 00:00:00-04:00,107.73999786376953,108.69000244140625,105.31999969482422,105.45999908447266,3238600,112.75098925749234,,44.90122109892428,-1.450826758648887,119.99748028585539,91.60385028055087,6.193562885656448,-16905500,56.55461879664157,17.79067524911573
2024-07-22 00:00:00-04:00,109.13999938964844,109.29000091552734,102.30000305175781,104.73999786376953,4204200,112.4368327322483,,44.26019022221219,-1.6790372397807118,119.97461995595346,92.29737711435904,6.250451098378811,-21109700,55.30746921409795,17.168743237403557
2024-07-23 00:00:00-04:00,102.9000015258789,105.66000366210938,102.87999725341797,103.63999938964844,4449800,112.09185887567577,,43.2444224456602,-1.926449463790732,119.6546988197866,93.46796455098163,6.002562191972568,-25559500,54.41394304917455,16.591234940813685
2024-07-24 00:00:00-04:00,109.26000213623047,120.18000030517578,107.55999755859375,116.91000366210938,14753800,112.28080573004571,,56.27987732201712,-1.0397612703966814,120.65908287334906,95.28224809995822,6.755236386512195,-10805700,62.220306960240116,17.144749413390723
2024-07-25 00:00:00-04:00,116.05999755859375,121.01000213623047,115.4800033569336,117.5199966430664,5068100,112.486264197223,,56.77138177330195,-0.2845530033546737,121.79055461301044,96.597442823513,6.667719414568244,-5737600,63.7239654468637,17.75877715462311
2024-07-26 00:00:00-04:00,120.29000091552734,122.94999694824219,117.23999786376953,119.33999633789062,3589500,112.75503800666094,,58.27846595908299,0.4555623154631405,122.44753894468741,98.900458084935,6.599310819561416,-2148100,64.0483379449436,18.565117021310773
2024-07-29 00:00:00-04:00,119.08000183105469,120.98999786376953,112.9000015258789,113.72000122070312,4496000,112.79287970132926,,52.22387811692996,0.581914452590766,122.46853725472587,100.33412692984444,6.705788356584931,-6644100,58.493667198044236,18.420867873788342
2024-07-30 00:00:00-04:00,114.22000122070312,114.22000122070312,109.2300033569336,109.37000274658203,3595000,112.65864923251564,,48.061763596290454,0.3272683632014264,122.11711874955827,101.4562129561709,6.583231892812402,-10239100,54.106284296419055,17.612025587651182
2024-07-31 00:00:00-04:00,111.37000274658203,118.58999633789062,110.06999969482422,115.11000061035156,3621500,112.75478065909745,,53.3455504043991,0.5819213322916568,122.4264686015393,102.26152985223673,6.771572014133559,-6617600,52.56664076917863,17.485866849755983
2024-08-01 00:00:00-04:00,115.7699966430664,118.27999877929688,109.04000091552734,109.68000030517578,3263400,112.63420103737504,,48.33597019906469,0.3416417671227947,122.37727839540749,102.0440533917019,6.947888146250414,-9881000,46.00287498419617,17.17554516515244
2024-08-02 00:00:00-04:00,105.06999969482422,108.47000122070312,103.30999755859375,105.19000244140625,2869100,112.34227168067038,,44.60582550456065,-0.2086812746876774,121.23680963921898,101.29785629502582,6.906610617702673,-12750100,47.87481256232166,16.001661871512074
2024-08-05 00:00:00-04:00,99.91000366210938,108.45999908447266,96.77999877929688,103.38999938964844,3883000,111.99120217906169,,43.16760658059894,-0.7810579038852552,121.27247465654916,99.97285818850291,7.247567023950752,-16633100,42.37317644856439,15.839549923097065
2024-08-06 00:00:00-04:00,102.63999938964844,104.86000061035156,100.80000305175781,101.52999877929688,2772400,111.58095890848267,,41.67238251858169,-1.3689763041805207,120.75743162603376,98.53590130039854,7.019883490710966,-19405500,43.57171294124975,15.689017399568844
2024-08-07 00:00:00-04:00,107.04000091552734,108.87999725341797,103.20999908447266,103.41999816894531,3295000,111.26092123242239,,43.80247640682332,-1.6632260818281566,120.62581837808068,97.6368474340938,7.043463132383118,-16110500,49.71910883125716,14.854995078928647
2024-08-08 00:00:00-04:00,102.94000244140625,109.30000305175781,102.66999816894531,108.80000305175781,3067300,111.16441463710223,,49.460457650167434,-1.4456353348396505,120.66700160251023,97.70899835679967,7.01393040027093,-13043200,54.530029317470714,14.164271536890613
2024-08-09 00:00:00-04:00,107.91999816894531,108.80000305175781,105.11000061035156,107.86000061035156,2417700,111.03482977330809,,48.54089130825634,-1.3336697268572522,120.68066242968756,98.01533773307285,6.776506974637739,-15460900,59.812774320677406,13.522885390712437
2024-08-12 00:00:00-04:00,107.86000061035156,109.80999755859375,107.08999633789062,109.11000061035156,1707600,110.95934627672156,,49.875460355706025,-1.1310337693000179,120.70470861085231,98.5739585847857,6.486756563642409,-13753300,65.19579309951136,12.733430260870948
2024-08-13 00:00:00-04:00,110.0,112.70999908447266,109.4000015258789,112.5199966430664,1754200,111.02054825187234,,53.42415078031682,-0.6873616544240946,120.89227418073553,99.57039264869157,6.28055955724803,-11999100,54.82400607885354,12.188320942337288
2024-08-14 00:00:00-04:00,113.06999969482422,113.22000122070312,109.2699966430664,111.1500015258789,1517700,111.02562485085299,,51.836328895959326,-0.4412094751439639,119.91690712288732,99.77775942170902,6.114091344418651,-13516800,46.9421432349742,11.775707361701782
2024-08-15 00:00:00-04:00,113.69000244140625,119.69999694824219,112.41000366210938,117.12000274658203,2740800,111.2646200624502,,57.731793788350004,0.23291223819593654,119.810628407008,99.83070561805711,6.288084492843268,-10776000,45.62925500477936,12.45452334886649
2024-08-16 00:00:00-04:00,116.0999984741211,117.77999877929688,115.27999877929688,116.38999938964844,1396500,111.46561533018347,,56.81598639131478,0.7001821191689999,118.95074795087434,100.29725314775847,6.0175070290687485,-12172500,53.521657042415626,13.084852479805146
2024-08-19 00:00:00-04:00,116.0,120.80000305175781,115.93000030517578,119.70999908447266,2154500,111.78892449701834,,59.92924029670872,1.323140752348479,120.46381845551326,99.5828490249555,5.935542437462554,-10018000,61.85420685149659,14.114791274509495
2024-08-20 00:00:00-04:00,118.72000122070312,119.94999694824219,116.18000030517578,116.9800033569336,1020800,111.99249621701503,,56.33288852389338,1.5783577915048141,121.52001416880796,99.54132005970766,5.780860595005686,-11038800,55.55832313055713,15.071163012449245
2024-08-21 00:00:00-04:00,118.5,119.83999633789062,117.26000213623047,119.30999755859375,1806000,112.2794570539397,,58.61553320051395,1.9461956611585265,122.44741224114135,99.17392158047322,5.572227194002211,-9232800,63.998768593194235,15.959222483393301
2024-08-22 00:00:00-04:00,118.37999725341797,119.7699966430664,115.19999694824219,115.48999786376953,1259900,112.4053606151095,,53.662743459137666,1.9074795359592542,123.0433280884364,99.35267207432403,5.500639515489497,-10492700,66.94583981282065,16.20902322989937
2024-08-23 00:00:00-04:00,117.0999984741211,124.20999908447266,116.63999938964844,123.0,2729000,112.82083666941894,,60.694336381393775,2.454497220406026,125.12073272531958,99.64993377858667,5.730593923004756,-7763700,78.3019967458991,17.176118593007512
2024-08-26 00:00:00-04:00,125.0,130.0800018310547,122.45999908447266,122.58999633789062,3068100,113.20394097014332,,60.15761809285722,2.822394006167201,126.38651878216753,100.94414731483768,5.865551696117419,-10831800,87.24069471437889,18.846535324051356
2024-08-27 00:00:00-04:00,121.37000274658203,123.0,118.45999908447266,122.52999877929688,1997700,113.56966872736504,,60.07390091364393,3.073682064341071,126.71320077849056,103.41746531851466,5.770869497503843,-12829500,79.52563584774201,19.378621422163896
2024-08-28 00:00:00-04:00,122.19999694824219,125.73999786376953,121.66999816894531,123.6500015258789,2326500,113.96497589593422,,61.16049620749843,3.324877405209307,126.99161476330453,105.83638511462517,5.649378797312441,-10503000,79.27416163677775,20.23941230877801
2024-08-29 00:00:00-04:00,123.18000030517578,124.5,121.01000213623047,121.30000305175781,1605900,114.252624019692,,57.61728604239999,3.296328265159545,127.2480754954,107.24659104919635,5.495137302059376,-12108900,72.75222455438981,20.872099590838875
2024-08-30 00:00:00-04:00,121.30999755859375,122.0,118.9000015258789,121.04000091552734,1999500,114.51879566266594,,57.222296844987476,3.2156547996644775,126.91595111490382,109.33604880371597,5.3240559572066415,-14108400,65.8313344007228,20.928572001291577
2024-09-03 00:00:00-04:00,118.62999725341797,119.27999877929688,112.33999633789062,112.91000366210938,2354000,114.45570578029118,,46.49005106973172,2.4672566648909537,126.29038668919982,110.46828030298768,5.565195144380218,-16462400,58.50356501887836,19.576292403714508
2024-09-04 00:00:00-04:00,111.05000305175781,115.05999755859375,111.0,113.11000061035156,1363600,114.40293302852885,,46.75461155396453,1.8687421373368238,126.21787549075809,110.61945869706743,5.4576810311097566,-15098800,58.760769489245426,18.28553273628856
2024-09-05 00:00:00-04:00,113.73999786376953,114.73999786376953,111.63999938964844,112.08000183105469,1190600,114.31183768745143,,45.506755927249706,1.2963591474591993,126.05943063173895,110.90190359677668,5.289275134181994,-16289400,52.060438447532135,17.08697018796446
2024-09-06 00:00:00-04:00,113.02999877929688,113.6500015258789,107.94999694824219,108.6500015258789,1628400,114.08980489680152,,41.531545581106094,0.5595193544361052,126.94039784631586,108.89160288610601,5.318612951571617,-17917800,46.63646588773915,16.669289475895688
2024-09-09 00:00:00-04:00,109.08000183105469,109.87000274658203,102.11000061035156,103.04000091552734,2608700,113.65647925047705,,35.993442266971996,-0.47167448484862007,128.716272725254,105.33572821061843,5.492997893332963,-20526500,38.31368485231305,17.195403076587276
2024-09-10 00:00:00-04:00,103.37999725341797,104.87999725341797,100.4800033569336,104.61000061035156,2226300,113.30171538223684,,38.46639963382134,-1.1489725372954354,129.1264493825981,102.91221842339148,5.414926179272349,-18300200,37.03260770599619,17.90928758592825
2024-09-11 00:00:00-04:00,108.20999908447266,111.26000213623047,106.9000015258789,110.58999633789062,4135900,113.19537345892914,,46.884254408010555,-1.1894887592401346,128.96065139441612,102.22601547570109,5.5031458468871035,-14164300,41.29616885832308,17.21869173956603
2024-09-12 00:00:00-04:00,110.41999816894531,110.54000091552734,105.55000305175781,105.83000183105469,2333900,112.90653535587523,,41.9633034886932,-1.5873914720299922,128.7371216645271,100.65221244191821,5.47006352111894,-16498200,40.120803868548535,16.792627561574072
2024-09-13 00:00:00-04:00,107.4000015258789,110.44000244140625,107.3499984741211,109.91000366210938,2330600,112.78902430906089,,47.08957774076328,-1.5555784488378634,128.5554857612643,100.089849118293,5.4086304560641265,-14167600,38.832689872263245,16.39699653915297
2024-09-16 00:00:00-04:00,109.36000061035156,112.7699966430664,107.72000122070312,111.48999786376953,1760300,112.73808209552006,,48.96937018532097,-1.386886902343079,127.05639660633253,100.05427132172736,5.383013667942637,-12407300,35.39762559576104,15.539551063669496
2024-09-17 00:00:00-04:00,112.04000091552734,118.69999694824219,111.0999984741211,118.52999877929688,3448800,112.96521608311916,,56.40192165760914,-0.6773206672142891,126.20048058189778,100.36885433834962,5.541369725526812,-8958500,45.18186968599937,15.193958157027156
2024-09-18 00:00:00-04:00,118.58999633789062,126.19000244140625,118.58999633789062,119.73999786376953,4111200,113.23089380000741,,57.54642810284291,-0.017149807685783003,125.54850869730696,100.64882610087012,5.692700720996996,-4847300,48.29210787742026,15.92135616067061
2024-09-19 00:00:00-04:00,124.4000015258789,124.4000015258789,116.93000030517578,117.36000061035156,2567000,113.3928195572758,,54.51502818986548,0.3104161823580398,124.05691731886132,101.30175069057877,5.819650756690291,-7414300,46.90279160630863,16.25876218583668
2024-09-20 00:00:00-04:00,117.30999755859375,117.94000244140625,113.04000091552734,114.9000015258789,3701500,113.45192473251515,,51.49551165475583,0.36727945349016977,122.75117531085088,101.75415916180536,5.75396152591805,-11115800,44.742900727844244,15.822583526785733
2024-09-23 00:00:00-04:00,115.38999938964844,117.18000030517578,112.87999725341797,117.0,1872800,113.5910649390832,,53.84569685188849,0.5751661743527592,121.7479208410455,102.21874684287377,5.650107349192319,-9243000,50.797582007864456,15.387365029033765
2024-09-24 00:00:00-04:00,117.5,118.12999725341797,114.68000030517578,116.69000244140625,1612300,113.71259189995861,,53.43410884901206,0.7067566356039805,122.27383697171419,102.19683054944466,5.492956606267309,-10855300,55.056533792552706,15.137667412938766
2024-09-25 00:00:00-04:00,116.75,117.37999725341797,112.68000030517578,113.29000091552734,1918500,113.69601970449072,,49.009288666626745,0.5305751757095578,122.2904199055799,102.20424765626906,5.436316630694086,-12773800,53.91009340946458,14.494161520551895
2024-09-26 00:00:00-04:00,116.4000015258789,116.91000366210938,111.1500015258789,113.61000061035156,2843700,113.69264640668135,,49.43370619784852,0.4120218688186128,122.41460365197999,102.28406374710856,5.459437023946685,-9930100,52.07082607757585,13.588049871270417
2024-09-27 00:00:00-04:00,115.33999633789062,116.76000213623047,114.3499984741211,115.0,1973700,113.7439151750468,,51.32877192603213,0.4253259601002952,122.71334470802138,102.8319891542833,5.294477345513272,-7956400,58.07639953946077,12.746660482651905
2024-09-30 00:00:00-04:00,114.55999755859375,116.41000366210938,111.55999755859375,113.0199966430664,2019400,113.71552621300836,,48.538263189815915,0.27295338821402026,121.9116515848212,104.9643483744887,5.262729399656297,-9975800,58.08328530062353,12.28340028564746
2024-10-01 00:00:00-04:00,113.05000305175781,113.83000183105469,109.5,111.19999694824219,2036500,113.61687800654695,,46.05951751637355,0.0052774273118672,121.05953838433507,106.69512775336025,5.196106001899039,-12012300,49.96678438609703,12.25020589792428
2024-10-02 00:00:00-04:00,109.95999908447266,110.87000274658203,104.72000122070312,108.26000213623047,2327500,113.40680444300514,,42.301463150766864,-0.43902984816867274,121.27317969677394,106.17082054736669,5.287812410873326,-14339800,49.95657326076645,13.032148432393766
2024-10-03 00:00:00-04:00,107.5999984741211,108.55999755859375,105.30999755859375,106.79000091552734,1683600,113.1473219517315,,40.52120948511275,-0.8993957044198453,121.0804492698813,106.49155085218901,5.142254381525232,-16023400,44.373228906713365,13.758237928686862
2024-10-04 00:00:00-04:00,108.94999694824219,109.5,103.83999633789062,105.94999694824219,2732100,112.86507391237897,,39.49826321261914,-1.3168405441217743,121.6027233909436,105.44127583594442,5.179236472995528,-18755500,38.42058931246824,14.67383360138795
2024-10-07 00:00:00-04:00,105.5,107.13999938964844,104.12000274658203,106.36000061035156,1864600,112.60997299857398,,40.29058990488925,-1.5961848922769803,121.97816026139222,104.38183933170674,5.025005056572019,-16890900,29.901535070594804,15.524029583181814
2024-10-08 00:00:00-04:00,104.58000183105469,105.69999694824219,103.3499984741211,104.16999816894531,1810500,112.27899359349051,,37.46805609207872,-1.9715553325417972,121.59053968879027,102.85479315626182,4.881076276547623,-18701400,18.196049974152587,16.450028050244534
2024-10-09 00:00:00-04:00,104.27999877929688,105.91999816894531,103.11000061035156,105.31999969482422,1936700,112.00609187197419,,39.85093993912692,-2.151443101823986,120.29996214206905,102.222704280457,4.733142082408061,-16764700,24.778550095431925,17.354131931853125
2024-10-10 00:00:00-04:00,103.33000183105469,103.98999786376953,98.69999694824219,99.19000244140625,4390300,111.50350012959899,,32.69821485025399,-2.756865572596084,120.28557728497971,99.81442271502029,4.867917844134773,-21155000,24.66859338883802,18.934660887801936
2024-10-11 00:00:00-04:00,98.55000305175781,102.7300033569336,98.36000061035156,100.97000122070312,2705400,111.09042174101484,,36.27495369892491,-3.057787941119244,119.9393916062373,98.30327501973927,4.8323524800238635,-18449600,25.888814617608517,20.454184860404876
2024-10-14 00:00:00-04:00,101.0,102.0,99.87000274658203,101.47000122070312,2054800,110.71315034806143,,37.28322944067688,-3.2188207034537015,118.65961142162413,97.51238870044617,4.6393271066948705,-16394800,26.315672359712707,21.865171406393326
2024-10-15 00:00:00-04:00,98.88999938964844,99.5,90.91999816894531,92.04000091552734,7599800,109.98086997815814,,28.215741090682457,-4.0605549922659065,118.68675934535109,94.19857390660202,5.061518245627937,-23994600,23.01728136829682,24.320769576734165
2024-10-16 00:00:00-04:00,91.61000061035156,93.41000366210938,90.7699966430664,93.12999725341797,3442700,109.32005143993304,115.28065156413498,30.325087604356497,-4.5868080178880035,118.41970641689684,91.77762634677504,4.888553158014725,-20551900,23.050119018285088,26.616024056317503
2024-10-17 00:00:00-04:00,93.19999694824219,93.56999969482422,90.95999908447266,91.56999969482422,2510000,108.62397097934053,115.04472467986325,29.011171782901556,-5.071287452688992,117.71133858497167,89.54732738996323,4.725799404610213,-23061900,17.27305885551972,28.685833657363965
2024-10-18 00:00:00-04:00,92.25,92.52999877929688,90.83000183105469,91.63999938964844,2818000,107.95793287778397,114.81184184115465,29.15949326227357,-5.387488886604771,115.94483685675482,88.1991623701332,4.509670657726782,-20243900,17.148242851592997,30.622999789629926
2024-10-21 00:00:00-04:00,90.91000366210938,91.9000015258789,88.91000366210938,90.41999816894531,3349600,107.27017073233932,114.56913692899336,28.05912765474315,-5.671151202730442,114.2627136842886,86.86795241271662,4.40112260101555,-23593500,16.82824912439392,32.64536468731152
2024-10-22 00:00:00-04:00,91.0,92.62000274658203,89.77999877929688,92.2300033569336,7103000,106.6803602470293,114.34685699295297,32.14995733543563,-5.684377376120651,112.32330679136722,86.27802682679685,4.289614127177665,-16490500,29.907261778696707,34.20760017535873
2024-10-23 00:00:00-04:00,76.8499984741211,81.2699966430664,76.68000030517578,78.47000122070312,19782800,105.5740716577616,113.9898733534281,21.937244198113802,-6.7276245213978,113.06643546244771,81.56289803364604,5.093927621790534,-36273300,22.841649777964108,36.80404832336252
2024-10-24 00:00:00-04:00,79.5999984741211,83.05999755859375,79.04000091552734,81.0999984741211,6487800,104.61430408193256,113.66261091681808,26.728167958437666,-7.25851495948875,112.41134978301496,78.79265005422464,5.057932530083398,-29785500,30.618220521938554,38.613970641858714
2024-10-25 00:00:00-04:00,81.41000366210938,84.30000305175781,79.55000305175781,83.83000183105469,4428600,103.79923340542754,113.3657690353677,31.432381383319125,-7.373958596648052,110.92779146743713,77.32687568751079,5.035937349363155,-25356900,35.651678522956345,39.88345836551249
2024-10-28 00:00:00-04:00,84.05999755859375,86.62999725341797,83.55000305175781,84.68000030517578,4354600,103.04945955835885,113.08033850073895,32.87735095828154,-7.312566028433878,108.73804233130883,76.6259581162823,4.896227124527226,-21002300,40.40815371817204,40.3135923163962
2024-10-29 00:00:00-04:00,84.0,84.70999908447266,82.04000091552734,83.06999969482422,3713800,102.26595132841632,112.7817281643617,31.522316499705113,-7.30956544928064,106.74549957566079,75.80516774204754,4.73721077055709,-24716100,36.64126792957355,40.88566636803119
2024-10-30 00:00:00-04:00,81.69000244140625,84.30000305175781,80.91999816894531,82.47000122070312,2713500,101.48963955948639,112.48011894104171,31.009389539207916,-7.2717778031585,103.82747033170352,75.67653052278865,4.640267492861049,-27429600,37.905654987192804,41.54409411778732
2024-10-31 00:00:00-04:00,82.72000122070312,84.0,81.54000091552734,83.04000091552734,2916500,100.76612431854683,112.1871824432754,32.139097511356866,-7.113832773667596,102.15650654888576,75.19416076882258,4.484534035119021,-24513100,37.60171528566405,42.15549131398944
2024-11-01 00:00:00-04:00,83.45999908447266,86.73999786376953,82.30000305175781,83.54000091552734,4109300,100.09059006744803,111.90213586090977,33.1728327531344,-6.86913130869705,99.47428918071714,75.55237809630108,4.481352662039927,-20403800,38.945505446071905,41.76818858854716
2024-11-04 00:00:00-05:00,84.81999969482422,88.26000213623047,84.81999969482422,87.45999908447266,5371300,99.59527277399802,111.6589305198507,40.788318799006575,-6.286426531397439,95.94053920396922,77.21812778821828,4.498398987658727,-15032500,48.08021575057859,40.91507936891656
2024-11-05 00:00:00-05:00,85.2300033569336,89.94999694824219,84.63999938964844,89.94000244140625,3803800,99.21663472173951,111.44282178275176,45.05439512414031,-5.5604162354512425,95.52854850584302,77.35011868979501,4.556370314154086,-11228700,53.36897925530409,39.59390116958308
2024-11-06 00:00:00-05:00,77.18000030517578,77.80000305175781,71.37999725341797,74.80999755859375,16161900,98.25951169573379,111.07831606907855,30.579326578437005,-6.135190139701194,95.2566390279482,75.17936154171325,5.556629947999385,-27390600,46.09780783805024,40.16947369796655
2024-11-07 00:00:00-05:00,73.93000030517578,75.88999938964844,71.51000213623047,71.58999633789062,9227600,97.21364834836739,110.68539746478812,28.482047055192396,-6.77246107215025,95.39442862953472,72.37757149253561,5.472584755529284,-36618200,43.57125655475453,40.703933902894065
2024-11-08 00:00:00-05:00,70.29000091552734,70.48999786376953,65.66000366210938,66.9000015258789,11887500,96.02487788474039,110.24972188330644,25.71557867615654,-7.568699011954308,95.74478661555631,68.72854712467807,5.505256749832996,-48505700,40.86506730064381,41.73369726100286
2024-11-11 00:00:00-05:00,66.23999786376953,66.3499984741211,62.5,63.65999984741211,9268200,94.75566698131576,109.7861425595662,23.9825437596827,-8.364740847838547,96.0701416731342,64.83519229089575,5.42630994812199,-57773900,33.043066941232766,42.935576393507596
2024-11-12 00:00:00-05:00,62.7599983215332,63.189998626708984,59.369998931884766,60.09000015258789,8576900,93.39622906646369,109.29165358039229,22.20670791206591,-9.177881967302625,95.60518565068834,61.01481455276219,5.3451450172223725,-66350800,37.947059576693256,44.27529420988657
2024-11-13 00:00:00-05:00,60.0,61.060001373291016,59.119998931884766,60.38999938964844,7266900,92.1018671183533,108.8050699566038,22.724536290672233,-9.68643553239012,96.57102262088117,57.63831067176206,5.10192054752122,-59083900,30.809158038202654,45.53698972427158
2024-11-14 00:00:00-05:00,60.900001525878906,66.05000305175781,59.77000045776367,63.560001373291016,9573300,90.98257826560577,108.35487026920767,28.16579125480318,-9.7216105544058,96.383684618528,55.486982394004556,5.186069265126428,-49510600,33.12355894535567,45.298533794209014
2024-11-15 00:00:00-05:00,64.91999816894531,65.9000015258789,59.459999084472656,59.52000045776367,6882200,89.74875168490608,107.86895116660624,25.683679604298206,-9.960661022985462,95.82897483704133,52.80035865905242,5.275635920574986,-56392800,27.729098677804345,45.110509571480925
2024-11-18 00:00:00-05:00,59.279998779296875,62.72999954223633,58.33000183105469,62.400001525878906,7634800,88.67625167866973,107.416523806997,30.39289745641591,-9.80469579466704,94.35247658515695,51.306190407030556,5.213090334189748,-48758000,27.134248744393858,45.06196171125528
2024-11-19 00:00:00-05:00,61.650001525878906,62.22999954223633,60.380001068115234,61.36000061035156,4272800,87.60502614657882,106.95824994434383,29.661943628706595,-9.653729426201323,92.87571453134582,49.88828591624532,4.985012485873599,-53030800,30.542206681280646,45.01688155533147
2024-11-20 00:00:00-05:00,60.58000183105469,63.470001220703125,59.709999084472656,63.380001068115234,3989300,86.65502516310967,106.52463552766494,33.03089516349823,-9.264297284177786,91.08053346544618,49.138133628466576,4.897511746613375,-49041500,30.602527788829676,44.58615017042041
2024-11-21 00:00:00-05:00,63.22999954223633,65.55000305175781,62.720001220703125,63.56999969482422,4191400,85.74973004670632,106.09722621589539,33.354236052393816,-8.838454008562294,88.80803828107898,48.81462865007336,4.749832466930612,-44850100,29.86297500627252,43.55328375469203
2024-11-22 00:00:00-05:00,63.20000076293945,66.93000030517578,62.36000061035156,66.29000091552734,4867200,84.98660341411107,105.70113442186188,37.971460732247785,-8.18711283759879,86.05765002457254,49.26501690657982,4.736987268923012,-39982900,28.40284904108539,42.18926202554286
2024-11-25 00:00:00-05:00,68.25,72.55999755859375,67.61000061035156,71.91000366210938,9287500,84.47379558069925,105.36490426504842,46.25636686033644,-7.135183064750763,81.93510465058584,51.31422955758474,4.846487938504683,-30695400,31.474222632359073,39.4944646295933
2024-11-26 00:00:00-05:00,70.88999938964844,71.45999908447266,68.70999908447266,70.5,4432000,83.92580359714242,105.01798979474944,44.64520470244398,-6.3421878589013545,74.64180767656791,56.01552620608183,4.7288819841569705,-35127400,35.750346452653986,36.99215276192586
2024-11-27 00:00:00-05:00,71.72000122070312,72.93000030517578,71.0,72.36000061035156,3892800,83.47224269569963,104.69303467848678,47.25511518577884,-5.500243556525163,73.87392835630605,56.45673926657806,4.564676149944028,-31234600,42.54479591374535,34.37729634491456
2024-11-29 00:00:00-05:00,72.36000061035156,74.44999694824219,71.19999694824219,71.3499984741211,2790900,82.99686056936322,104.36126317396572,45.98716870139507,-4.858489717308359,73.81141252704109,56.48725538067376,4.470770710662312,-34025500,50.73533823336582,32.29874384497995
2024-12-02 00:00:00-05:00,72.31999969482422,75.56999969482422,71.58999633789062,75.12000274658203,3823300,82.68796418415613,104.07030535876788,51.24575238857281,-3.9995826395796854,75.67348369220944,55.72118437826582,4.452858604236655,-30202200,59.08701165568131,30.622499885267306
2024-12-03 00:00:00-05:00,74.48999786376953,74.80000305175781,72.9000015258789,73.26000213623047,2722900,82.3182401822767,103.7637351774491,48.72527904143892,-3.4294465716484694,76.9217576197916,55.75291075585944,4.293368791127118,-32925100,62.91679950813966,29.065987636962706
2024-12-04 00:00:00-05:00,72.94000244140625,73.58999633789062,71.8499984741211,73.12000274658203,2260600,81.95752498872005,103.45882241694297,48.531793589470865,-2.9548447994048246,77.73556894206278,56.67643311278748,4.110985153458719,-35185700,66.57540942284766,27.315978444820463
2024-12-05 00:00:00-05:00,73.37999725341797,74.69000244140625,70.0199966430664,70.33999633789062,3484000,81.501935629864,103.12928185894245,44.73315602017612,-2.7710992520507745,77.83638838505202,57.902279929563875,4.150915199521656,-38669700,58.08039425163626,25.550495707491127
2024-12-06 00:00:00-05:00,71.91000366210938,72.77999877929688,70.62999725341797,71.55999755859375,2419700,81.11205570550045,102.81515962709818,46.704626064548776,-2.4982375520215783,78.24566301499897,58.55967145765729,4.028707145370556,-36250000,61.64599632059662,23.911118879971024
2024-12-09 00:00:00-05:00,72.31999969482422,78.26000213623047,72.25,76.38999938964844,4004000,80.92687702644744,102.55222270931262,53.74022039941509,-1.8706877828316948,78.89735273870966,60.15731492486455,4.219514104818139,-32246000,71.95069606239451,23.42627411657646
2024-12-10 00:00:00-05:00,75.38999938964844,76.05999755859375,74.16000366210938,74.44999694824219,2672100,80.67288172926293,102.27259857238654,50.83731080701648,-1.5124573859679629,79.16987181261851,61.491461907270796,4.077405649298205,-34918100,66.31412625869274,22.976061121995798
2024-12-11 00:00:00-05:00,75.2699966430664,75.62999725341797,73.05999755859375,74.2300033569336,2114700,80.42021983230883,101.99356777422284,50.50415025577014,-1.2321059098290732,78.79011950381359,63.58721458228668,3.969733795407206,-37032800,61.33000722948393,22.199658769013865
2024-12-12 00:00:00-05:00,73.62000274658203,74.41999816894531,72.75,73.0,1991700,80.12923081927711,101.70507456253904,48.58693253359318,-1.096536150332284,78.21370530359938,65.44629530675219,3.805466964945642,-39024500,56.02786325272845,21.375952321124885
2024-12-13 00:00:00-05:00,72.91999816894531,74.44000244140625,72.36000061035156,73.83999633789062,1925200,79.88259417294823,101.4278101025923,49.98334835386707,-0.9108161334551141,77.17942219142527,67.84991130466848,3.6822194553820027,-37099300,53.801055257361746,20.47599150645269
2024-12-16 00:00:00-05:00,72.95999908447266,74.76000213623047,71.08000183105469,71.62000274658203,2992600,79.5585709797574,101.13121500452255,46.39671112543477,-0.932022832547986,76.2070575311181,69.53294287578294,3.6820609446529873,-40091900,39.93945598641639,19.19772724076507
2024-12-17 00:00:00-05:00,72.11000061035156,75.05000305175781,71.4800033569336,73.4000015258789,3738000,79.31705845215433,100.85528253209824,49.524214991161124,-0.7960222202973881,76.2747277865964,69.66393900214058,3.6740565696652183,-36353900,49.59163182857781,18.106154704163608
2024-12-18 00:00:00-05:00,72.95999908447266,76.01000213623047,68.33000183105469,68.80000305175781,3905900,78.90462490704074,100.53632452731874,42.605920600696834,-1.0473490009962063,76.58209428544934,69.129906243522,3.9601954079159727,-40259800,40.25692973193899,17.558890663800106
2024-12-19 00:00:00-05:00,68.19000244140625,69.0,65.0999984741211,65.80000305175781,4112000,78.39071816761789,100.19068948776093,38.79918836844956,-1.4716380855779363,77.54991356825933,67.28742061956619,3.955895844913325,-44371800,32.71571580063976,17.897634151687786
2024-12-20 00:00:00-05:00,66.43000030517578,71.87999725341797,65.80000305175781,71.44999694824219,6564700,78.11853302176003,99.90471244756672,48.18824733600324,-1.3365757403246619,77.55126619873326,67.29940111897508,4.107617156109527,-37807100,36.340414762087484,17.226857597440695
2024-12-23 00:00:00-05:00,71.2699966430664,73.13999938964844,70.56999969482422,73.0,2556100,77.91780623659297,99.6370038659989,50.4347722978847,-1.0918790640991176,77.21826980079368,67.34973048403705,3.997787337446291,-35251000,42.25349538871268,16.21289917624994
2024-12-24 00:00:00-05:00,73.0,74.20999908447266,71.69999694824219,73.27999877929688,1166500,77.73593143434606,99.3747451089173,50.84936378157813,-0.8653859927636915,77.22066764024595,67.34999886366029,3.8915169659308755,-34084500,46.035959157341196,15.162941054966995
2024-12-26 00:00:00-05:00,72.43000030517578,74.23999786376953,71.80000305175781,73.01000213623047,1556100,77.55060087363564,99.1124093579453,50.41147923145385,-0.6996104013607436,77.20867625795312,67.34732349790626,3.787836812079507,-35640600,48.121474494859406,14.197336848541921
2024-12-27 00:00:00-05:00,72.29000091552734,73.5,70.61000061035156,72.12999725341797,1585700,77.33802818264672,98.84392764546243,48.932431147332174,-0.6319562916100239,77.2200800978445,67.57458644675187,3.723705567620145,-37226300,49.08677915888288,13.456139542675485
2024-12-30 00:00:00-05:00,70.80000305175781,71.01000213623047,67.70999908447266,70.19000244140625,3350400,77.05771344769612,98.55881396183999,45.74598896324656,-0.7265065747679813,77.2393393247236,67.37266120424775,3.7734407534290852,-40576700,39.744285576285606,13.61740571412521
2024-12-31 00:00:00-05:00,70.8499984741211,71.16000366210938,68.45999908447266,68.68000030517578,2964500,76.7291756774012,98.26151233341548,43.37820278834579,-0.9127611656050618,76.51845823404692,67.06554241699475,3.6967667408724876,-43541200,39.66538005680059,13.710609963250732
