Date,Open,High,Low,Close,Volume,EMA_50,EMA_200,RSI,MACD,BB_High,BB_Low,ATR,OBV,MFI,ADX
2024-01-02 00:00:00-05:00,151.5399932861328,152.3800048828125,148.38999938964844,149.92999267578125,47339400,,,,,,,0.0,47339400,,0.0
2024-01-03 00:00:00-05:00,149.1999969482422,151.0500030517578,148.3300018310547,148.47000122070312,49425500,,,,,,,0.0,-2086100,,0.0
2024-01-04 00:00:00-05:00,145.58999633789062,147.3800048828125,144.0500030517578,144.57000732421875,56039800,,,,,,,0.0,-58125900,,0.0
2024-01-05 00:00:00-05:00,144.69000244140625,146.58999633789062,144.52999877929688,145.24000549316406,45124800,,,,,,,0.0,-13001100,,0.0
2024-01-08 00:00:00-05:00,146.74000549316406,149.39999389648438,146.14999389648438,149.10000610351562,46757100,,,,,,,0.0,33756000,,0.0
2024-01-09 00:00:00-05:00,148.3300018310547,151.7100067138672,148.2100067138672,151.3699951171875,43812600,,,,,,,0.0,77568600,,0.0
2024-01-10 00:00:00-05:00,152.05999755859375,154.4199981689453,151.8800048828125,153.72999572753906,44421800,,,,,,,0.0,121990400,,0.0
2024-01-11 00:00:00-05:00,155.0399932861328,157.1699981689453,153.1199951171875,155.17999267578125,49072700,,,,,,,0.0,171063100,,0.0
2024-01-12 00:00:00-05:00,155.38999938964844,156.1999969482422,154.00999450683594,154.6199951171875,40460300,,,,,,,0.0,130602800,,0.0
2024-01-16 00:00:00-05:00,153.52999877929688,154.99000549316406,152.14999389648438,153.16000366210938,41384600,,,,,,,0.0,89218200,,0.0
2024-01-17 00:00:00-05:00,151.49000549316406,152.14999389648438,149.91000366210938,151.7100067138672,34953400,,,,,,,0.0,54264800,,0.0
2024-01-18 00:00:00-05:00,152.77000427246094,153.77999877929688,151.82000732421875,153.5,37850200,,,,,,,0.0,92115000,,0.0
2024-01-19 00:00:00-05:00,153.8300018310547,155.75999450683594,152.74000549316406,155.33999633789062,51033700,,,,,,,0.0,143148700,,0.0
2024-01-22 00:00:00-05:00,156.88999938964844,157.0500030517578,153.89999389648438,154.77999877929688,43687500,,,62.35496940511607,,,,3.176428658621652,99461200,62.18646676202728,0.0
2024-01-23 00:00:00-05:00,154.85000610351562,156.2100067138672,153.92999267578125,156.02000427246094,37986000,,,65.49770541675261,,158.7943024287639,144.7683644006632,3.1123990428691006,137447200,64.55316858125747,0.0
2024-01-24 00:00:00-05:00,157.8000030517578,158.50999450683594,156.47999572753906,156.8699951171875,48547300,,,67.50056881367601,,159.61398641210465,144.87401407617662,3.0679412708338076,185994500,72.45223435479377,0.0
2024-01-25 00:00:00-05:00,156.9499969482422,158.50999450683594,154.5500030517578,157.75,43638600,,,69.47616408693503,,160.41725660362033,145.3080770552338,3.1316591411369727,229633100,73.45895658477903,0.0
2024-01-26 00:00:00-05:00,158.4199981689453,160.72000122070312,157.91000366210938,159.1199951171875,51047400,,,72.29929879912575,,160.57144591061908,147.0938861206309,3.120112146820269,280680500,73.89716127699988,0.0
2024-01-29 00:00:00-05:00,159.33999633789062,161.2899932861328,158.89999389648438,161.25999450683594,45270400,,,76.0288804770327,,160.88985301673975,148.9114775496665,3.06796123559371,325950900,73.98903494807323,0.0
2024-01-30 00:00:00-05:00,160.6999969482422,161.72999572753906,158.49000549316406,159.0,45207400,,,65.93287069734367,,161.00460444641433,150.1167253061898,3.080249021220945,280743500,66.62219469034773,0.0
2024-01-31 00:00:00-05:00,157.0,159.00999450683594,154.80999755859375,155.1999969482422,50284400,,,53.152199713509425,,160.788649760847,150.8433469025645,3.160231016008176,230459100,58.866710704983106,0.0
2024-02-01 00:00:00-05:00,155.8699951171875,159.75999450683594,155.6199951171875,159.27999877929688,76542400,,,61.72992412374056,,161.30645745630898,151.0655396140035,3.260214340478574,307001500,60.69174647982975,0.0
2024-02-02 00:00:00-05:00,169.19000244140625,172.5,167.3300018310547,171.80999755859375,117154900,,,76.16405448580777,,166.57520837876265,148.01412267592482,3.9716276890660422,424156400,70.82476849266864,0.0
2024-02-05 00:00:00-05:00,170.1999969482422,170.5500030517578,167.6999969482422,170.30999755859375,55081300,,,72.63233485708831,,169.52178125206405,147.1595501281443,3.9815114691578652,369075100,69.03225378266254,0.0
2024-02-06 00:00:00-05:00,169.38999938964844,170.7100067138672,167.64999389648438,169.14999389648438,42505500,,,69.93171696961556,,171.42633827458076,147.38699180354422,3.9156901368882187,326569600,67.9366295899959,0.0
2024-02-07 00:00:00-05:00,169.47999572753906,170.8800048828125,168.94000244140625,170.52999877929688,47174100,,,71.29893294413127,4.6505653579017405,173.12620705471213,148.1964552988035,3.774569587210935,373743700,68.52256193720822,0.0
2024-02-08 00:00:00-05:00,169.64999389648438,171.42999267578125,168.8800048828125,169.83999633789062,42316500,,,69.59496659863856,4.820404613371267,174.37669844064283,149.1246300912582,3.6870994590507786,331427200,62.41936365775485,0.0
2024-02-09 00:00:00-05:00,170.89999389648438,175.0,170.5800018310547,174.4499969482422,56986000,,,74.0561269352078,5.266285507646103,176.62508603454654,149.42424257873472,3.7923069021263927,388413200,63.35326650772472,37.193874076430895
2024-02-12 00:00:00-05:00,174.8000030517578,175.38999938964844,171.5399932861328,172.33999633789062,51050400,,,69.06148304554425,5.387288603957103,177.77852647928893,150.6121351418048,3.7964282736541946,337362800,57.266840627582454,38.56768530248842
2024-02-13 00:00:00-05:00,167.72999572753906,170.9499969482422,165.75,168.63999938964844,56345100,,,61.25925383093319,5.12554154560641,178.04116061478277,152.032167021936,3.9959688496710823,281017700,50.543318462046535,37.728253263713334
2024-02-14 00:00:00-05:00,169.2100067138672,171.2100067138672,168.27999877929688,170.97999572753906,42815500,,,64.02718759158365,5.048724708660757,178.51574533433507,153.43891571709725,3.9198287843067416,323833200,55.98561191038495,36.996202476420095
2024-02-15 00:00:00-05:00,170.5800018310547,171.1699981689453,167.58999633789062,169.8000030517578,49855200,,,61.635696131999104,4.836874782972529,178.632956198239,154.928371926761,3.8955554305030233,273978000,49.59997234043409,36.086333899456726
2024-02-16 00:00:00-05:00,168.74000549316406,170.4199981689453,167.1699981689453,169.50999450683594,48074600,,,61.03233055600286,4.592639831536729,178.6489553353522,156.2977060416009,3.849444328324236,225903400,43.72765690605467,35.09682530897602
2024-02-20 00:00:00-05:00,167.8300018310547,168.7100067138672,165.74000549316406,167.0800018310547,41980300,,,56.07868532028698,4.155104316172412,178.54022867078598,157.18243368272962,3.84376894870621,183923100,43.795629230408345,33.68573784641991
2024-02-21 00:00:00-05:00,168.94000244140625,170.22999572753906,167.13999938964844,168.58999633789062,44575600,,,58.341374841999674,3.885409621589872,178.07176318632773,158.9295653455733,3.7942135878332217,228498700,49.67423708074314,32.74205154081564
2024-02-22 00:00:00-05:00,173.10000610351562,174.8000030517578,171.77000427246094,174.5800018310547,55392400,,,65.8559042267647,4.107667383162635,176.69259456320518,162.89273461973752,3.966770239692791,283891100,48.695715808731826,32.79787117904508
2024-02-23 00:00:00-05:00,174.27999877929688,175.75,173.6999969482422,174.99000549316406,59715200,,,66.30394863760176,4.267696777575509,175.41752216576063,166.26247457903102,3.8298582976974354,343606300,44.56184767450272,33.017949591964175
2024-02-26 00:00:00-05:00,175.6999969482422,176.3699951171875,174.25999450683594,174.72999572753906,44368600,,,65.71502802800339,4.323699691865386,175.99313834722182,166.07619148676258,3.7070113200298733,299237700,51.809198283117425,33.33359523300384
2024-02-27 00:00:00-05:00,174.0800018310547,174.6199951171875,172.86000061035156,173.5399932861328,31141700,,,62.95879067921351,4.223374718369314,176.3426128268754,166.1573831041142,3.575795876969704,268096000,52.61163642105746,33.07899976925787
2024-02-28 00:00:00-05:00,172.44000244140625,174.0500030517578,172.27000427246094,173.16000366210938,28180500,,,62.063636784639584,4.066330342136979,176.5617034867293,166.4729604130103,3.4475246557073587,239915500,46.919833625791824,32.613684733851116
2024-02-29 00:00:00-05:00,173.00999450683594,177.22000122070312,172.85000610351562,176.75999450683594,53805400,,,66.86961842712603,4.184128686353205,177.57404725300628,166.2912827437385,3.51341540295594,293720900,54.26985275442842,32.83741698096786
2024-03-01 00:00:00-05:00,176.75,178.72999572753906,176.07000732421875,178.22000122070312,31956200,,,68.60662916434819,4.345206230234481,178.8119686475967,166.1706953335231,3.452456331553395,325677100,52.5231999564418,33.321784377741146
2024-03-04 00:00:00-05:00,177.52999877929688,180.13999938964844,177.49000549316406,177.5800018310547,37381500,,,66.9495877508688,4.370834483044348,179.45710374121154,165.94289422428324,3.395137586191322,288295600,59.76527239126552,34.018018734771665
2024-03-05 00:00:00-05:00,176.92999267578125,176.92999267578125,173.3000030517578,174.1199951171875,37228300,,,58.69574875479411,4.065091587324275,179.6087525272961,166.0285786087716,3.458341957127433,251067300,61.46679200262501,33.084598057712704
2024-03-06 00:00:00-05:00,175.5399932861328,176.4600067138672,173.25999450683594,173.50999450683594,32090900,,,57.35327948418106,3.730562585152853,179.55852979345286,166.72813402490652,3.439889832120563,218976400,55.409003698641804,32.20413736219943
2024-03-07 00:00:00-05:00,174.8300018310547,177.99000549316406,173.72000122070312,176.82000732421875,34063300,,,62.381182945790975,3.690000285862169,180.08287349488486,166.98245853636516,3.514184200278246,253039700,62.717974494784144,31.733863788061182
2024-03-08 00:00:00-05:00,176.44000244140625,178.7899932861328,174.3300018310547,175.35000610351562,37853500,,,59.051485152549255,3.498904366693864,180.18939334883063,167.6159390893204,3.5817418613353804,215186200,63.639591509126305,31.474610853457648
2024-03-11 00:00:00-04:00,174.30999755859375,174.47000122070312,171.47000122070312,171.9600067138672,28484800,,,52.13975454748841,3.038884485929742,180.00545506716023,168.12654566526166,3.6030463628694602,186701400,65.01606204997378,30.19138708233802
2024-03-12 00:00:00-04:00,173.5,176.75999450683594,171.97999572753906,175.38999938964844,36610600,,,57.55325996127233,2.917456536550901,179.25707596671032,169.98292444019074,3.6885421793051236,223312000,64.60734675368357,29.552448610227287
2024-03-13 00:00:00-04:00,175.89999389648438,177.6199951171875,175.5500030517578,176.55999755859375,30772600,166.74117684338017,,59.24659998686511,2.8824064981037907,178.5690203127465,171.73364692358166,3.584360289893262,254084600,62.99260081527426,29.155552188575605
2024-03-14 00:00:00-04:00,177.69000244140625,179.52999877929688,176.47000122070312,178.75,43705800,167.21211108481623,,62.27990905789599,2.9967987539272087,179.26832310339347,171.59034388879405,3.5469058090861543,297790400,61.89337167137353,29.205416740784834
2024-03-15 00:00:00-04:00,176.63999938964844,177.92999267578125,173.89999389648438,174.4199981689453,72115500,167.49477332340953,,53.75991055592291,2.706857511950602,179.25814884414467,171.52451717148034,3.639984401545402,225674900,50.41962990914839,28.31991427981924
2024-03-18 00:00:00-04:00,175.8000030517578,176.69000244140625,174.27999877929688,174.47999572753906,31250700,167.76870361376757,,53.85411138909689,2.4536343212077156,179.25487233718536,171.4944603451063,3.5521286344428282,256925600,50.38476465382338,27.4976619946369
2024-03-19 00:00:00-04:00,174.22000122070312,176.08999633789062,173.52000427246094,175.89999389648438,26880900,168.08757774250157,,56.13195173140116,2.3405546459693767,179.29138376424834,171.7726156660902,3.481976022370461,283806500,55.489013633468495,26.456248060014143
2024-03-20 00:00:00-04:00,176.13999938964844,178.52999877929688,174.63999938964844,178.14999389648438,29947200,168.48218229755972,,59.53992636026824,2.4047736508855735,179.6086799649251,172.1206514966634,3.511120548604602,313753700,53.43437918073913,26.131556260767088
2024-03-21 00:00:00-04:00,179.99000549316406,181.4199981689453,178.14999389648438,178.14999389648438,32824300,168.86131216418423,,59.53992636026824,2.4276828581459995,179.85120666904797,172.06345804449367,3.4938979574514835,346578000,53.54078832116287,26.4792561772328
2024-03-22 00:00:00-04:00,177.75,179.25999450683594,176.75,178.8699951171875,27964100,169.25380953489025,,60.67376306799383,2.475401760549744,180.00713445791564,171.9941961084906,3.423619139550373,374542100,47.00997618094185,26.26648705115598
2024-03-25 00:00:00-04:00,178.00999450683594,180.99000549316406,177.24000549316406,179.7100067138672,29815500,169.66385648308542,,62.01132744773781,2.5515881304239656,180.49870909521783,171.78662212223006,3.446932058153918,404357600,53.77013984086029,26.455710040684558
2024-03-26 00:00:00-04:00,180.14999389648438,180.4499969482422,177.9499969482422,178.3000030517578,29659000,170.00252889754316,,58.41954428400153,2.469721454226459,180.7589130375568,172.08375257116717,3.379294054000067,374698600,53.95025763758508,26.631417102389666
2024-03-27 00:00:00-04:00,179.8800048828125,180.0,177.30999755859375,179.8300018310547,33272600,170.387919992975,,61.055514961284246,2.4994871067879103,181.19498584098847,172.49034741096466,3.330058938814794,407971200,53.92702060771771,26.52315878119529
2024-03-28 00:00:00-04:00,180.1699981689453,181.6999969482422,179.25999450683594,180.3800048828125,38051600,170.77976645924312,,61.98839591314416,2.538198478515767,181.77616568094533,172.38383391215365,3.266483474714184,446022800,61.694742102367606,26.83855891969719
2024-04-01 00:00:00-04:00,180.7899932861328,183.0,179.9499969482422,180.97000122070312,29174500,171.17938350871214,,63.011949539915186,2.586667796954629,182.42755295712672,172.4817793182639,3.251020587360158,475197300,67.48472662684708,27.42831251659291
2024-04-02 00:00:00-04:00,179.07000732421875,180.7899932861328,178.3800048828125,180.69000244140625,32611500,171.5523489570531,,62.15654262038333,2.572828553543104,182.29283866367854,173.78049304205064,3.203804569540906,442585800,60.531176349173485,27.275457247207253
2024-04-03 00:00:00-04:00,179.89999389648438,182.8699951171875,179.8000030517578,182.41000366210938,31046600,171.97813933764357,,65.27506315134187,2.6698739325383656,183.02918165387024,173.9801506215204,3.1942465335329615,473632400,60.62511567000762,27.634358458057854
2024-04-04 00:00:00-04:00,184.0,185.10000610351562,180.0,180.0,41624300,172.2927221087164,,58.0560339925304,2.5232297187334893,183.189184842095,174.27881442548315,3.3303722171031516,432008100,60.52200207037672,28.44038829632046
2024-04-05 00:00:00-04:00,182.3800048828125,186.27000427246094,181.97000122070312,185.07000732421875,42335200,172.79379211716747,,66.45978080367166,2.7840278025136627,184.6182859356186,173.6923809751887,3.5403459353429936,474343300,73.61770953623764,29.41723414620219
2024-04-08 00:00:00-04:00,186.89999389648438,187.2899932861328,184.80999755859375,185.19000244140625,39221300,173.27991801223567,,66.63019150034552,2.966202233028639,185.487017025785,174.25965045468377,3.46460663478557,513564600,80.71878211346556,30.517985059827698
2024-04-09 00:00:00-04:00,187.24000549316406,187.33999633789062,184.1999969482422,185.6699981689453,36546900,173.76580350857725,,67.34491853204548,3.113418870722626,186.1411905968152,175.09747720917437,3.441420402990061,550111500,73.28261736401441,31.237147768624823
2024-04-10 00:00:00-04:00,182.77000427246094,186.27000427246094,182.6699981689453,185.9499969482422,35879200,174.2436150160151,,67.77846550885855,3.2156150693074323,186.79693308403125,175.7817351288594,3.452747953027601,585990700,66.08253681966507,31.168798791841343
2024-04-11 00:00:00-04:00,186.74000549316406,189.77000427246094,185.50999450683594,189.0500030517578,40020700,174.82425768408342,,72.1820086255237,3.506332064270481,188.47000313782073,175.56199962910634,3.510409511070272,626011400,66.71029936715108,31.86712178716272
2024-04-12 00:00:00-04:00,187.72000122070312,188.3800048828125,185.0800018310547,186.1300048828125,38554300,175.2676203193277,,63.39367249058894,3.4612092626388176,188.95501200887998,176.14099222289087,3.5432374903297617,587457100,65.09468564280172,32.31585173169885
2024-04-15 00:00:00-04:00,187.42999267578125,188.69000244140625,183.0,183.6199951171875,48052400,175.5951644290477,,56.97241824878973,3.1861839608246783,188.97594635720463,176.75339120789954,3.6965778439780825,539404700,57.003675829019826,31.808295612482734
2024-04-16 00:00:00-04:00,183.27000427246094,184.8300018310547,182.25999450683594,183.32000732421875,32891300,175.8980994445446,,56.23921220306445,2.910467858131483,188.9804935743334,177.23017740548434,3.61610852113813,506513400,56.568124544503,31.027168431717858
2024-04-17 00:00:00-04:00,184.30999755859375,184.57000732421875,179.82000732421875,181.27999877929688,31359700,176.10915432041728,,51.39528355846986,2.4985475192968067,188.69755774854332,177.91044599494626,3.6971007696282636,475153700,50.454515286772335,29.35612537841297
2024-04-18 00:00:00-04:00,181.47000122070312,182.38999938964844,178.64999389648438,179.22000122070312,30723800,176.23114831650693,,46.993620300179735,1.9830141435209043,188.76908360407637,177.75758672469968,3.7001653927379636,444429900,43.849230829612175,27.39285118892624
2024-04-19 00:00:00-04:00,178.74000549316406,179.0,173.44000244140625,174.6300048828125,55950000,176.1683583779307,,38.98249542616665,1.1903542222291605,189.76363224192932,175.99637142018008,3.848724920349315,388479900,36.44342144123072,26.789103257837166
2024-04-22 00:00:00-04:00,176.94000244140625,178.8699951171875,174.55999755859375,177.22999572753906,37924900,176.20999121517025,,44.73010668896381,0.7631657561556722,190.02496026996397,175.23637599305687,3.881672965938203,426404800,42.9008476025914,26.228480178968738
2024-04-23 00:00:00-04:00,178.0800018310547,179.92999267578125,175.97999572753906,179.5399932861328,37046500,176.34057953167857,,49.29960646760467,0.6040502018701659,190.05033338832243,175.05766832066195,3.886553250388488,463451300,43.45475327755185,25.317212318206877
2024-04-24 00:00:00-04:00,179.94000244140625,180.32000732421875,176.17999267578125,176.58999633789062,34185100,176.35036058290257,,44.26635606878245,0.237175863446339,190.2327503018523,174.09925043056958,3.9046576359634173,429266200,36.44236333079714,24.325989477874817
2024-04-25 00:00:00-04:00,169.67999267578125,173.9199981689453,166.32000732421875,173.6699981689453,49249400,176.24524833137485,,39.92166026655461,-0.2858984819975774,190.81910815783866,172.66889233044262,4.359324162942593,380016800,28.345101493036594,25.47790993532421
2024-04-26 00:00:00-04:00,177.8000030517578,180.82000732421875,176.1300048828125,179.6199951171875,43919800,176.3775913425832,,50.568248294306755,-0.21781283105261195,190.32955560450225,172.4317765895082,4.558658805251939,423936600,28.75385996166007,24.56107387209247
2024-04-29 00:00:00-04:00,182.75,183.52999877929688,179.38999938964844,180.9600067138672,54063900,176.55729390616298,,52.60528538421277,-0.05509166284429057,189.81314309064987,172.38418967302198,4.528754561280261,478000500,37.44202912611543,23.087958846264122
2024-04-30 00:00:00-04:00,181.08999633789062,182.99000549316406,174.8000030517578,175.0,94639800,176.4962235569017,,43.93344841536083,-0.40241787389732053,189.23402180793533,171.54064453321052,4.790272267003545,383360700,34.07215159836983,22.567763860884465
2024-05-01 00:00:00-04:00,181.63999938964844,185.14999389648438,176.55999755859375,179.0,94645100,176.59441086839576,,49.90238174862209,-0.3508652714585878,188.27067084380215,171.57732923757808,5.173109526252176,478005800,39.199417118871814,21.59734846545643
2024-05-02 00:00:00-04:00,180.85000610351562,185.10000610351562,179.91000366210938,184.72000122070312,54303500,176.91306147044705,,56.95899198587525,0.14981980243368298,186.93316296121296,172.33750354269327,5.239316424628137,532309300,46.277665865679154,20.696248455416114
2024-05-03 00:00:00-04:00,186.99000549316406,187.8699951171875,185.4199981689453,186.2100067138672,39172000,177.27764755842432,,58.595082788963126,0.6592479218616631,186.9575665808823,172.32376683383123,5.090079101189296,571481300,52.7773883558156,19.232313160974517
2024-05-06 00:00:00-04:00,186.27999877929688,188.75,184.8000030517578,188.6999969482422,34725300,177.72558282861328,,61.24622737731595,1.2494914196330456,188.39011738362333,171.56854960856415,5.008644661693075,606206600,57.81674946582989,18.036210439475347
2024-05-07 00:00:00-04:00,188.9199981689453,189.94000244140625,187.30999755859375,188.75999450683594,34048900,178.15830485521025,,61.310510225948356,1.7024798180638925,189.7121196177068,170.97187899882968,4.838741820344462,640255500,62.62655129084891,17.187422388258117
2024-05-08 00:00:00-04:00,187.44000244140625,188.42999267578125,186.38999938964844,188.0,26136400,178.5442536844177,,59.95388461110401,1.9773574365961508,190.90930635265389,170.670692426643,4.662402770118965,614119100,62.94381716232777,16.169113833406886
2024-05-09 00:00:00-04:00,188.8800048828125,191.6999969482422,187.44000244140625,189.5,43368400,178.9738907948327,,61.75271882886603,2.289841525912351,192.43410862777307,170.51655665543007,4.633659322741606,657487500,70.47105487852662,15.945254923882558
2024-05-10 00:00:00-04:00,189.16000366210938,189.88999938964844,186.92999267578125,187.47999572753906,34141800,179.30746353729177,,57.97591792284606,2.347430240525995,193.02211509705,171.64188229878334,4.5141127078220045,623345700,65.1543407204559,15.598651140383353
2024-05-13 00:00:00-04:00,188.0,188.30999755859375,185.36000061035156,186.57000732421875,24898600,179.5922691759948,,56.30526861112888,2.2932065945535953,193.4701692202845,172.43916305510612,4.402390153566303,598447100,60.72513984592946,14.849142128741109
2024-05-14 00:00:00-04:00,183.82000732421875,187.72000122070312,183.4499969482422,187.07000732421875,38698200,179.8855138092585,,57.0378278061941,2.2644763124435485,193.99112149517978,172.92221265195562,4.392934019201634,637145300,60.16238496456698,13.918952351198566
2024-05-15 00:00:00-04:00,185.97000122070312,186.72000122070312,182.72999572753906,185.99000549316406,75459900,180.1249056399999,,54.8969065528306,2.1300068420744083,194.01014915720683,174.15651954396506,4.389153846164352,561685400,57.54218539103753,13.2380604831564
2024-05-16 00:00:00-04:00,185.60000610351562,187.30999755859375,183.4600067138672,183.6300048828125,38834500,180.26236051226707,,50.44139936092433,1.8121175292263842,192.98846229429108,176.5062073020631,4.35064220320451,522850900,51.63651122595642,12.43808606890217
2024-05-17 00:00:00-04:00,183.75999450683594,185.3000030517578,183.35000610351562,184.6999969482422,33175700,180.4363854705406,,52.330449388506565,1.6277635311691654,192.86079650018618,177.31120667364192,4.179167542135772,556026600,45.198928849767455,11.726713056996934
2024-05-20 00:00:00-04:00,184.33999633789062,186.6699981689453,183.27999877929688,183.5399932861328,30511800,180.55809558095598,,50.1008196809017,1.3722407216835109,192.76977699973799,177.74622438372558,4.122798388386677,525514800,54.775636156051846,11.128342653905406
2024-05-21 00:00:00-04:00,182.3000030517578,183.25999450683594,180.75,183.14999389648438,50839100,180.65973865215315,,49.339680874891165,1.1252956550013096,191.12773056929393,180.47493666703417,4.027598023939972,474675700,42.444878723117505,10.844349924979038
2024-05-22 00:00:00-04:00,183.8800048828125,185.22000122070312,181.97000122070312,183.1300048828125,28148800,180.7566118376692,,49.29834154202138,0.9174017281055171,190.2760361399165,181.87729841411996,3.9720553079442595,446526900,39.66086203811995,10.157024625497968
2024-05-23 00:00:00-04:00,183.66000366210938,184.75999450683594,180.0800018310547,181.0500030517578,33670200,180.76811737547658,,45.06695786621816,0.5781410783098124,190.69434599232906,180.9696554725147,4.022622262789759,412856700,32.668116484399434,9.886988074680374
2024-05-24 00:00:00-04:00,181.64999389648438,182.44000244140625,180.3000030517578,180.75,27434100,180.76740689016378,,44.47402816947376,0.28181820521498935,190.9417047801833,179.99429578947817,3.8881492004225215,385422600,26.428455283939584,9.63623984892118
2024-05-28 00:00:00-04:00,179.92999267578125,182.24000549316406,179.49000549316406,182.14999389648438,29927000,180.82162598845088,,47.91768891204127,0.15812523136779078,190.44880140909603,179.61386542033105,3.8068528289637698,415349600,25.657264760015863,9.64393937818998
2024-05-29 00:00:00-04:00,181.6999969482422,184.0800018310547,181.5500030517578,182.02000427246094,32009300,180.86862121527483,,47.62236245445725,0.049043242176594504,189.80235295005457,179.36164851478918,3.7156489682732774,383340300,31.48123022502206,9.01711630329992
2024-05-30 00:00:00-04:00,181.30999755859375,181.33999633789062,178.36000061035156,179.32000732421875,29249200,180.80789125876282,,41.85248007840865,-0.25236312405439776,189.49704798498604,178.50962112308687,3.711674303547284,354091100,23.664846860588824,9.364000892078154
2024-05-31 00:00:00-04:00,178.3000030517578,179.2100067138672,173.8699951171875,176.44000244140625,58903900,180.63660150121942,,36.739192027819456,-0.7153757591998158,188.99322744176877,177.27210865849165,3.8358412966532818,295187200,22.697115053894635,10.706537291290857
2024-06-03 00:00:00-04:00,177.6999969482422,178.6999969482422,175.9199981689453,178.33999633789062,30786600,180.5465385536379,,41.79170678550612,-0.9184160512984931,188.34969381999235,176.69697569498163,3.760423973984967,325973800,28.0871224234819,11.953178233416937
2024-06-04 00:00:00-04:00,177.63999938964844,179.82000732421875,176.44000244140625,179.33999633789062,27198400,180.4992231726282,,44.31264345966079,-0.9872548436686941,187.6406777666156,176.44199028351463,3.7332511817583622,353172200,33.85088606169322,12.691607608628024
2024-06-05 00:00:00-04:00,180.10000610351562,181.5,178.75,181.27999877929688,32116400,180.52984182387013,,48.93328182492219,-0.8751795734913799,186.57141776089978,176.73924914990752,3.6630189544899077,385288600,43.63841407525513,12.77568959350404
2024-06-06 00:00:00-04:00,181.75,185.0,181.49000549316406,185.0,31371200,180.70514214450267,,56.403341484656686,-0.48064552285768514,186.29285348041162,176.8858126979738,3.6670891163622805,416659800,51.05155497369027,11.961100224677224
2024-06-07 00:00:00-04:00,184.89999389648438,186.2899932861328,183.36000061035156,184.3000030517578,28021500,180.8461170820421,,54.77950616974102,-0.22190041896905655,186.42607932256388,176.84191994501427,3.6144393706064926,388638300,57.69496322880666,11.56006944005688
2024-06-10 00:00:00-04:00,184.07000732421875,187.22999572753906,183.7899932861328,187.05999755859375,34494500,181.08979866935786,,59.705356590753055,0.20351938569382355,187.102576707171,176.480089308454,3.6019795899493325,423132800,58.08268029674215,11.442408789571747
2024-06-11 00:00:00-04:00,187.05999755859375,187.77000427246094,184.5399932861328,187.22999572753906,27265100,181.33059071085518,,59.994416087378674,0.5480672987136757,187.95675677621122,176.1179095649346,3.575410403976389,450397900,67.27841266699795,11.481252612368854
2024-06-12 00:00:00-04:00,188.02000427246094,188.35000610351562,185.42999267578125,186.88999938964844,33984200,181.54860673747453,,59.08155121868345,0.7846442486414844,188.6694824551716,175.90385128506279,3.5285963342448166,416413700,67.74701007309605,11.680343857925203
2024-06-13 00:00:00-04:00,186.08999633789062,187.6699981689453,182.6699981689453,183.8300018310547,39721500,181.63807321173257,,51.48817853937299,0.7169523756926708,188.75027451303797,175.91639215362872,3.6336965960844725,376692200,66.77222052529942,10.907802993166058
2024-06-14 00:00:00-04:00,183.0800018310547,183.72000122070312,182.22999572753906,183.66000366210938,25456400,181.71736460194342,,51.09528804216852,0.6421859275611723,188.91718475506607,176.0974819929808,3.488432989472412,351235800,67.01621136932017,10.209132353670723
2024-06-17 00:00:00-04:00,182.52000427246094,185.0,181.22000122070312,184.05999755859375,35601900,181.80923256102776,,52.02295334047202,0.6081982129034884,189.10849871150796,176.3475010443514,3.5092591173170162,386837700,67.4451938680916,9.82016399398127
2024-06-18 00:00:00-04:00,183.74000549316406,184.2899932861328,181.42999267578125,182.80999755859375,36659200,181.84847824720683,,48.901180614690716,0.4749235280531252,189.14504675096262,176.39895349317803,3.4628835096766264,350178500,59.95945017261649,9.458979088555349
2024-06-20 00:00:00-04:00,182.91000366210938,186.50999450683594,182.72000122070312,186.10000610351562,44726800,182.01520482980717,,56.32914290648191,0.6275446300809051,189.61077169970886,176.47722878857238,3.486248493709211,394905300,67.23887582024022,9.836978675700239
2024-06-21 00:00:00-04:00,187.8000030517578,189.27999877929688,185.86000061035156,189.0800018310547,72931800,182.2922556926012,,61.752466922116966,0.9776885187088453,190.58280165617518,176.8065314330175,3.4815163276546466,467837100,79.70201714278764,10.940066531430647
2024-06-24 00:00:00-04:00,189.3300018310547,191.0,185.3300018310547,185.57000732421875,50610400,182.4207949722725,,53.34871408437821,0.9608764648810677,190.03636389571375,178.570303177854,3.6378364591754084,417226700,70.69035732150957,12.37153919286668
2024-06-25 00:00:00-04:00,186.80999755859375,188.83999633789062,185.4199981689453,186.33999633789062,45898500,182.57448914347322,,54.801837540807774,0.9981780937147846,189.66915628414492,180.00417745608948,3.62227658130183,463125200,63.194987421872206,13.700763807057282
2024-06-26 00:00:00-04:00,186.9199981689453,194.8000030517578,186.25999450683594,193.61000061035156,65103900,183.00725429903707,,65.67363838310446,1.5959711284251057,191.46264680194798,180.11335417461453,3.973543150131833,528229100,65.50021852779611,16.09186152137288
2024-06-27 00:00:00-04:00,195.00999450683594,199.83999633789062,194.1999969482422,197.85000610351562,74397500,183.58932299725194,,70.17890711659675,2.384373845918674,194.6836298884631,179.10170539799526,4.134718334232349,602626600,68.16288880321926,18.976496044861012
2024-06-28 00:00:00-04:00,197.72999572753906,198.85000610351562,192.5,193.25,76930200,183.96817307579107,,60.848148251137644,2.6079438773392383,195.76801178485192,179.1173235016064,4.29295317489544,525696400,58.69159799702628,20.98322001827335
2024-07-01 00:00:00-04:00,193.49000549316406,198.3000030517578,192.82000732421875,197.1999969482422,41192000,184.48706812961268,,65.13486468583584,3.068484896376475,197.74233850838309,178.86299596427315,4.377741928655699,566888400,59.23214968556386,22.846606565013378
2024-07-02 00:00:00-04:00,197.27999877929688,200.42999267578125,195.92999267578125,200.0,45600000,185.09541839903963,,67.82421871861733,3.617701210048722,200.2200245507205,178.11064358078994,4.386474648037435,612488400,60.47129437916989,24.880603820816255
2024-07-03 00:00:00-04:00,199.94000244140625,200.02999877929688,196.75999450683594,197.58999633789062,31597900,185.58540184762202,,63.298438107504474,3.814520523098878,201.61295359658732,178.09904794963666,4.306726764067685,580890500,55.65870143562218,26.7693155583475
2024-07-05 00:00:00-04:00,198.64999389648438,200.5500030517578,198.1699981689453,200.0,39858900,186.15068020653882,,65.75902921574902,4.11750437362727,203.38957098967404,178.07043063793014,4.210532474767649,620749400,61.44899768247032,28.600444512355946
2024-07-08 00:00:00-04:00,200.0399932861328,201.1999969482422,197.9600067138672,199.2899932861328,34767300,186.66594738613074,,64.38941325776331,4.251323044318212,204.52229778885794,178.99903603275663,4.141208029025317,585982100,60.40502129737965,30.39959516085409
2024-07-09 00:00:00-04:00,199.39999389648438,200.57000732421875,199.0500030517578,199.33999633789062,32700100,187.16296891365073,,64.44557696778901,4.311707453753968,205.30833834397788,180.30366116774087,3.9539791892707186,618682200,60.40453159526772,32.070235048745225
2024-07-10 00:00:00-04:00,200.0,200.11000061035156,197.69000244140625,199.7899932861328,32883800,187.6581463400226,,64.98085562915477,4.345778101419512,205.8762562336882,181.83307604170244,3.8444091163903322,651566000,60.47352056216362,32.89778680294787
2024-07-11 00:00:00-04:00,200.08999633789062,200.27000427246094,192.86000061035156,195.0500030517578,44565000,187.94802307381613,,55.50215693607613,3.9448282129289964,205.1447759678669,184.19655703994562,4.099094441084549,607001000,54.08927374212205,31.600928367917806
2024-07-12 00:00:00-04:00,194.8000030517578,196.47000122070312,193.8300018310547,194.49000549316406,30598500,188.20457140398665,,54.49085626561806,3.541066207723219,204.6574030686346,185.80259652446438,3.9948733659819697,576402500,46.547135562400356,30.39670267824703
2024-07-15 00:00:00-04:00,194.55999755859375,196.19000244140625,190.8300018310547,192.72000122070312,40683200,188.38164708307357,,51.308611639806465,3.04317750147996,204.43003297316167,186.5152998718904,4.092382454865512,535719300,47.151104360954776,28.240669703240943
2024-07-16 00:00:00-04:00,195.58999633789062,196.6199951171875,192.24000549316406,193.02000427246094,33994700,188.5635434434417,,51.822173980408536,2.6423455391620507,203.3654001105853,188.57326566089904,4.112925824091078,569714000,53.288485625582084,26.375285082011654
2024-07-17 00:00:00-04:00,191.35000610351562,191.5800018310547,185.99000549316406,187.92999267578125,48076100,188.53869831529815,,43.44886317462316,1.8921503924352692,202.94303712786802,189.2076281553351,4.321288178034349,521637900,44.354672411433576,26.023301754980643
2024-07-18 00:00:00-04:00,189.58999633789062,189.67999267578125,181.4499969482422,183.75,51043600,188.35090622450215,,38.016430494285764,0.9493809854794506,204.60095120614793,186.23504732900832,4.600481574427543,470594300,33.51894709162649,26.554644040308514
2024-07-19 00:00:00-04:00,181.13999938964844,184.92999267578125,180.11000061035156,183.1300048828125,43081800,188.14616499541629,,37.272047205682696,0.1504665292514744,205.35282749006157,183.52050421566761,4.616160895213411,427512500,35.75105490773315,27.268379071314683
2024-07-22 00:00:00-04:00,185.0,185.05999755859375,182.47999572753906,182.5500030517578,39931900,187.92670766429242,,36.55102178151961,-0.523446270888769,206.15030991212768,181.29635553383588,4.470720962059216,387580600,35.29348341408193,27.884115518737822
2024-07-23 00:00:00-04:00,184.10000610351562,189.38999938964844,183.55999755859375,186.41000366210938,47537700,187.86722907597152,,44.2768599158221,-0.7375551536955527,205.7867757332966,180.22122394118256,4.639954917475746,435118300,35.170658556866215,27.024969805114665
2024-07-24 00:00:00-04:00,183.1999969482422,185.4499969482422,180.41000366210938,180.8300018310547,41532400,187.59125938009242,,37.221126867774586,-1.3420274426602532,205.26616787939594,178.18583203922384,4.737100994798908,393585900,34.741728533573905,26.84947471791338
2024-07-25 00:00:00-04:00,182.91000366210938,183.89999389648438,176.8000030517578,179.85000610351562,44464200,187.28768082022665,,36.13211348346771,-1.8784993801694725,204.90237611561835,176.18429177175145,4.905878841222312,349121700,27.31062596840306,27.29700288466018
2024-07-26 00:00:00-04:00,180.38999938964844,183.19000244140625,180.24000549316406,182.5,29506000,187.09992863119817,,41.1465379109861,-2.0660092268725805,203.31015563392214,175.44317892011435,4.794030090984334,378627700,32.79268027009148,27.71256475378221
2024-07-29 00:00:00-04:00,183.83999633789062,184.75,182.3800048828125,183.1999969482422,33270100,186.94699013382737,,42.43227904529875,-2.1335341738386546,201.4762028136391,175.13179889534527,4.6208847357131315,411897800,32.521158402785616,27.587530011224008
2024-07-30 00:00:00-04:00,184.72000122070312,185.86000061035156,179.3800048828125,181.7100067138672,39508600,186.7416182350054,,40.40866367245697,-2.280984174644402,199.25706301558805,175.00027341019322,4.753678377986412,372389200,32.3208491643923,28.001007162813146
2024-07-31 00:00:00-04:00,185.0500030517578,187.94000244140625,184.4600067138672,186.97999572753906,41667300,186.75096637196754,,49.569513083685834,-1.9501155739042133,196.3462861458059,176.20305060549617,4.859129617240173,414056500,40.01772088798024,27.722172936552408
2024-08-01 00:00:00-04:00,189.2899932861328,190.60000610351562,181.8699951171875,184.07000732421875,70435600,186.6458307230362,,45.4176457316263,-1.9008003254534742,194.490029460692,176.59530786027156,5.135621143603599,343620900,37.482558350558996,26.6882249684139
2024-08-02 00:00:00-04:00,166.75,168.77000427246094,160.5500030517578,167.89999389648438,141448400,185.910699867093,,30.25372565196332,-3.130417081438651,195.1340513612027,172.40595108020358,6.448791367093408,202172500,32.908638925663126,28.393320339624456
2024-08-05 00:00:00-04:00,154.2100067138672,162.9600067138672,151.61000061035156,161.02000427246094,83149400,184.9345941574996,,26.239478131499695,-4.606948845093427,196.7541145933369,166.55922158830373,7.151734361310509,119023100,26.383638161063658,30.550970233882463
2024-08-06 00:00:00-04:00,161.7100067138672,165.0800018310547,158.5399932861328,161.92999267578125,59950800,184.0324529229224,,27.607681104367074,-5.638683216408879,196.31979382914426,162.84820747293907,7.108039660139893,178973900,33.45010492381789,32.102745244641206
2024-08-07 00:00:00-04:00,166.5500030517578,167.5800018310547,161.42999267578125,162.77000427246094,48408200,183.19863140721802,,28.918424569155576,-6.3157541410216425,195.95237763411853,159.8609585475221,7.039608909792288,227382100,39.77558487071992,33.01939561342676
2024-08-08 00:00:00-04:00,165.1699981689453,166.69000244140625,162.5500030517578,165.8000030517578,44616200,182.5163322560235,,33.58936873894572,-6.532539103654415,195.41561771588798,158.00438553932034,6.8324939440677275,271998300,45.46771314984478,33.870570955870484
2024-08-09 00:00:00-04:00,166.39999389648438,168.5500030517578,165.85000610351562,166.94000244140625,36401000,181.90549579270518,,35.311713651685665,-6.536999859777637,194.59651325740663,156.6648230056142,6.540887233777176,308399300,44.95456829765247,34.247561746993
2024-08-12 00:00:00-04:00,168.13999938964844,168.5500030517578,166.11000061035156,166.8000030517578,30072800,181.3131235283543,,35.19100998686933,-6.477167071757492,193.64164575621268,155.51969050680813,6.2479668914649675,278326500,43.30236059483519,34.59762462446391
2024-08-13 00:00:00-04:00,167.80999755859375,171.0399932861328,167.10000610351562,170.22999572753906,39237900,180.87849106557724,,40.55251687570386,-6.082858012172181,191.56851199932714,155.43548987241763,6.1045399873871125,317564400,48.855352161227586,34.34246695175042
2024-08-14 00:00:00-04:00,172.11000061035156,172.27999877929688,168.86000061035156,170.10000610351562,28843800,180.4558053807905,,40.41605676099207,-5.714975636212074,190.4818200196169,155.09151575512269,5.912787000355555,288720600,54.04716885930956,33.821422963320195
2024-08-15 00:00:00-04:00,174.86000061035156,177.91000366210938,173.99000549316406,177.58999633789062,51698500,180.34342071244149,,50.70847489281933,-4.764128677532938,190.12530962044002,155.1466915188829,6.0483020402297125,340419100,55.399886443253685,32.164685118271066
2024-08-16 00:00:00-04:00,177.0399932861328,178.33999633789062,176.25999450683594,177.05999755859375,31489200,180.21465902013372,,50.04965370437896,-4.007150151816177,189.14409817804238,155.40256930242634,5.764852025288639,308929900,55.216401365117925,30.543166019898774
2024-08-19 00:00:00-04:00,177.63999938964844,178.3000030517578,176.16000366210938,178.22000122070312,31129800,180.13643714564625,,51.53386114935262,-3.2758743748405834,188.120766448435,155.76190160169523,5.505933979885768,340059700,60.36333091472511,29.054460276233446
2024-08-20 00:00:00-04:00,177.9199981689453,179.00999450683594,177.42999267578125,178.8800048828125,26255200,180.0871652922018,,52.4004843357557,-2.612955746046538,187.5331352107797,155.97219926187657,5.2255102549692625,366314900,59.36360066621903,27.517766377249533
2024-08-21 00:00:00-04:00,179.9199981689453,182.38999938964844,178.88999938964844,180.11000061035156,35599100,180.08806079487434,,54.04949737364263,-1.965678463215653,185.6116869743344,156.97764814936355,5.102973415816883,401914000,68.32875670375022,25.718066407221436
2024-08-22 00:00:00-04:00,181.3800048828125,181.47000122070312,175.67999267578125,176.1300048828125,32047500,179.93284291596996,,48.227404467001314,-1.7536440294257432,183.67147926797344,157.85918886353699,5.152047353610096,369866500,80.71569210980107,24.341965177349408
2024-08-23 00:00:00-04:00,177.33999633789062,178.97000122070312,175.24000549316406,177.0399932861328,29150100,179.81939783244692,,49.56509788271867,-1.494943970443103,184.54254805906461,158.20678665773224,5.050472237462166,399016600,87.91801862296376,23.147682281161924
2024-08-26 00:00:00-04:00,176.6999969482422,177.47000122070312,174.3000030517578,175.5,22366200,179.6500096821549,,47.33606508985408,-1.3980708077927488,184.40698413843103,160.27301667537108,4.916152661139534,376650400,82.41482686135538,22.223170792543534
2024-08-27 00:00:00-04:00,174.14999389648438,174.88999938964844,172.25,173.1199951171875,29842000,179.39393067960717,,44.03974774094621,-1.496098539299112,183.79347768997087,162.37852344935203,4.797141756772424,346808400,75.45595599480257,21.759874595382882
2024-08-28 00:00:00-04:00,173.69000244140625,173.69000244140625,168.9199981689453,170.8000030517578,29045000,179.0569139098876,,41.039660029366665,-1.740921929154041,182.92287531745447,164.31979232577467,4.795203365035889,317763400,68.41665047918042,21.915265079931526
2024-08-29 00:00:00-04:00,173.22000122070312,174.2899932861328,170.80999755859375,172.1199951171875,26407800,178.78487787880132,,43.40209044106264,-1.8075970478476506,182.41504997695534,165.67028327499776,4.701973855702969,344171200,67.79241634570285,21.89552846592088
2024-08-30 00:00:00-04:00,172.77999877929688,178.89999389648438,172.60000610351562,178.5,43429400,178.77370619727972,,53.16918021912642,-1.330289733689824,182.53126187696364,167.09540438280197,4.850404207388247,387600600,68.85668857286143,20.722187944583105
2024-09-03 00:00:00-04:00,177.5500030517578,178.25999450683594,175.25999450683594,176.25,37817500,178.67473732679815,,49.89877997508883,-1.1206581942933553,181.87805430644016,169.00861154642445,4.735375727800806,349783100,60.530302754193315,19.63265746048375
2024-09-04 00:00:00-04:00,174.47999572753906,175.97999572753906,172.5399932861328,173.3300018310547,30309200,178.46513985637685,,45.94875840407681,-1.1765802530376845,181.58111032940963,169.71888967059039,4.662135083948405,319473900,54.15218402089879,19.183960434461635
2024-09-05 00:00:00-04:00,175.0,179.8800048828125,175.0,177.88999938964844,40170500,178.44258532826987,,52.2991740745145,-0.8432250208494168,181.38692688668488,170.9517388847995,4.796982795934791,359644400,52.988944929846824,17.843787976863997
2024-09-06 00:00:00-04:00,177.24000549316406,178.3800048828125,171.16000366210938,171.38999938964844,41466500,178.1660133306769,,44.307977169635244,-1.0909583857064717,181.42106007854508,170.09093943317365,4.9700555405611,318177900,44.94865423488,17.366797699870233
2024-09-09 00:00:00-04:00,174.52999877929688,175.85000610351562,173.50999450683594,175.39999389648438,29037400,178.05754198031642,,49.44054277079145,-0.9527333019499622,181.26887927410468,170.0217864159995,4.9336234815115345,347215300,44.638822833523975,16.923878156947453
2024-09-10 00:00:00-04:00,177.49000549316406,180.5,176.7899932861328,179.5500030517578,36233800,178.116069865471,,54.14999960568138,-0.5025250752021293,181.55558325192592,169.9124160156522,4.945507954511826,383449100,45.86180518128812,15.96236231772674
2024-09-11 00:00:00-04:00,180.10000610351562,184.99000549316406,175.72999572753906,184.52000427246094,42564700,178.36720454809807,,59.06734239675056,0.25239628330544406,183.27038176686528,168.94961741933264,5.253686655305624,426013800,46.71999589151363,15.899526094554057
2024-09-12 00:00:00-04:00,184.8000030517578,187.41000366210938,183.5399932861328,187.0,33622500,178.7057455462119,,61.297857988196306,1.0388169922155726,185.38891440109455,167.74975137038984,5.154852635353548,459636300,53.914650506872995,16.23727623830697
2024-09-13 00:00:00-04:00,187.0,188.5,185.91000366210938,186.49000549316406,26495400,179.0110106421708,,60.56693741900556,1.6024368805062181,187.3630056972513,167.15699348894663,4.971648614106196,433140900,60.01145842398246,16.72497175360261
2024-09-16 00:00:00-04:00,185.2899932861328,185.80999755859375,183.36000061035156,184.88999938964844,26065500,179.24155922050326,,58.22136891188616,1.8981222105901736,188.57623924221318,166.9904274244535,4.840102633299503,407075400,59.38048575860416,16.546679830004894
2024-09-17 00:00:00-04:00,186.85000610351562,189.4499969482422,186.13999938964844,186.8800048828125,26091700,179.54110610922126,,60.28162541878792,2.2669003608446303,190.15495579700152,166.92904485404014,4.820095127963378,433167100,65.4265704753339,16.99012104418718
2024-09-18 00:00:00-04:00,186.4499969482422,188.8000030517578,185.05999755859375,186.42999267578125,34448100,179.81125852359617,,59.566269469725455,2.4940970790204915,191.28108032587167,167.57758666631585,4.742945868334855,398719000,64.30254121705846,17.131963736572374
2024-09-19 00:00:00-04:00,190.0399932861328,190.99000549316406,188.47000122070312,189.8699951171875,39543200,180.2057187821684,,63.16475636505217,2.9180935962331773,192.66770325609636,168.7336293448151,4.729879221838281,438262200,65.49836644845908,17.62823198578785
2024-09-20 00:00:00-04:00,190.22999572753906,191.83999633789062,187.41000366210938,191.60000610351562,100378600,180.65255357908399,,64.85858753361525,3.355036546278029,194.18574181789893,169.81292558118963,4.708458754262779,538640800,69.45957506104435,17.807300676269445
2024-09-23 00:00:00-04:00,191.63999938964844,194.4499969482422,190.57000732421875,193.8800048828125,36993100,181.17127715962238,,67.01156145631896,3.8410169761855286,196.39171550270828,169.65761921408858,4.649282387817111,575633900,76.2786431070989,18.417078491435518
2024-09-24 00:00:00-04:00,194.27000427246094,195.3699951171875,190.1300048828125,193.9600067138672,43478900,181.67279596567118,,67.08775655552745,4.1843805134771515,198.08883371291108,170.32183523240144,4.6914758054283885,619112800,82.11039329836755,19.13411577410609
2024-09-25 00:00:00-04:00,193.75,193.9499969482422,192.16000366210938,192.52999877929688,26391100,182.09856862502906,,64.2318819815903,4.291637574825614,198.6435459044634,172.32712263394808,4.484942037309062,592721700,76.71265928529014,19.799936108014474
2024-09-26 00:00:00-04:00,194.30999755859375,194.52999877929688,189.5399932861328,191.16000366210938,36334900,182.45391901864008,,61.52951331816348,4.2174759745130075,199.14542269532572,173.59457974608054,4.521017998441562,556386800,76.89021277150688,19.624620064109024
2024-09-27 00:00:00-04:00,190.67999267578125,190.89999389648438,187.33999633789062,187.97000122070312,36002300,182.6702359677406,,55.657655424987276,3.856836623107341,197.43359210573792,177.51707724647562,4.470945807425647,520384500,70.65146902253692,18.853827542496123
2024-09-30 00:00:00-04:00,187.13999938964844,188.49000549316406,184.64999389648438,186.3300018310547,41583900,182.8137561976745,,52.86450954664455,3.399505708465938,195.8531314175598,180.55487232592978,4.42587907808665,478800600,63.54189428142203,17.553949828977142
2024-10-01 00:00:00-04:00,184.89999389648438,186.19000244140625,183.4499969482422,185.1300048828125,36044900,182.90458947944464,,50.85351529862482,2.9067309537336143,194.9403073726563,182.21169661497393,4.315459492709925,442755700,56.67563266220027,16.63219840749741
2024-10-02 00:00:00-04:00,184.44000244140625,186.60000610351562,184.0399932861328,184.75999450683594,23704100,182.97735046091097,,50.219157204453616,2.458012230389812,194.91652276381066,182.26747992173622,4.1900704444722745,419051600,55.87489009603959,15.667324064127076
2024-10-03 00:00:00-04:00,183.0500030517578,183.44000244140625,180.8800048828125,181.9600067138672,30204300,182.93745462769357,,45.58508115098416,1.8550795920871792,195.3694414836683,181.14256209706087,4.167921814440215,388847300,50.690675706156725,15.5182246246922
2024-10-04 00:00:00-04:00,185.75,187.60000610351562,183.60000610351562,186.50999450683594,40890300,183.0775542307972,,53.15056744850127,1.7245179519206886,195.36945761646535,181.1452111660867,4.273070212669373,429737600,56.62808459041623,14.516445188139716
2024-10-07 00:00:00-04:00,182.9499969482422,183.60000610351562,180.25,180.8000030517578,42364200,182.98823849828585,,44.743268677028986,1.1470755485142377,195.86445229596973,180.10488364153025,4.414993376538414,387373400,50.57634411317891,14.121130774614628
2024-10-08 00:00:00-04:00,181.9199981689453,183.08999633789062,180.9199981689453,182.72000122070312,26372100,182.97771938936103,,47.736870449787,0.8347535701656454,196.00486785047954,179.40980093207256,4.263207655795156,413745500,55.91713341420351,13.75405310491276
2024-10-09 00:00:00-04:00,182.82000732421875,185.85000610351562,182.0500030517578,185.1699981689453,26343100,183.06369110620747,,51.35819874167005,0.7759853542803228,195.99606214776412,179.25060736720985,4.230121612649632,440088600,54.78116528027334,12.828833651626073
2024-10-10 00:00:00-04:00,187.1300048828125,188.1300048828125,185.8300018310547,186.64999389648438,27785000,183.20433043131638,,53.45623781506659,0.8391610795951578,195.70474414680697,179.11259187207324,4.1393991198794575,467873600,47.70244197252518,12.493710521279723
2024-10-11 00:00:00-04:00,186.6300048828125,189.92999267578125,186.3000030517578,188.82000732421875,25751600,183.42455305456744,,56.42405650317602,1.052201125520412,195.2566426642313,179.19002685074267,4.103012727318314,493625200,46.31996875975984,12.57068318428737
2024-10-14 00:00:00-04:00,189.77999877929688,189.8300018310547,187.36000061035156,187.5399932861328,22614400,183.58594286757,,54.227548224936356,1.1050125644405,194.01383922681515,179.5874954086015,3.986369048274372,471010800,38.45750547968495,12.642157799937326
2024-10-15 00:00:00-04:00,187.6300048828125,188.41000366210938,184.5800018310547,187.69000244140625,32178900,183.74688638026944,,54.451333712776865,1.145762854448833,192.53681677679944,180.22851728895577,3.9751999613301088,503189700,38.03125781110395,11.931309415320511
2024-10-16 00:00:00-04:00,187.0500030517578,187.77999877929688,185.61000061035156,186.88999938964844,23456800,183.87014571397057,177.04130762938422,52.96413770285661,1.1008146860307875,191.23155381539542,180.78178033174,3.846256976159766,479732900,39.24922956567787,11.271235915319183
2024-10-17 00:00:00-04:00,188.22000122070312,188.94000244140625,186.0,187.52999877929688,25039400,184.0136693635912,177.14567271545303,54.04547351133365,1.1041080702218835,190.3036271171496,181.22570637894412,3.781524509391658,504772300,46.2660820032667,10.966296741851213
2024-10-18 00:00:00-04:00,187.14999389648438,190.74000549316406,186.27999877929688,188.99000549316406,37417700,184.20881980004503,177.26352677294273,56.50221035938969,1.2105737008770063,190.5295611534494,181.13577291230578,3.8299875239970524,542190000,55.73441094162195,11.141095136990815
2024-10-21 00:00:00-04:00,188.0500030517578,189.4600067138672,186.39999389648438,189.07000732421875,24639400,184.3994546049146,177.3810041913634,56.63900194125588,1.2865731450256703,190.98083036217088,181.04983776933955,3.774989330667464,566829400,57.221274742143166,11.303407932477587
2024-10-22 00:00:00-04:00,188.35000610351562,191.52000427246094,186.97999572753906,189.6999969482422,29650600,184.60731901053532,177.5035812337204,57.76536672498157,1.3817106493944777,191.58272919070865,181.0572712161924,3.8296335602570646,596480000,57.9017694399889,11.972614619800087
2024-10-23 00:00:00-04:00,188.85000610351562,189.16000366210938,183.69000244140625,184.7100067138672,31937100,184.61134597929345,177.57528695989103,47.28741585935141,1.0424406908227581,191.58340560291518,181.04992976492335,3.985373627869841,564542900,57.57671307841364,11.507817055713383
2024-10-24 00:00:00-04:00,185.25,187.11000061035156,183.86000061035156,186.3800048828125,21647400,184.68070515198048,177.66289609345245,50.52202439000212,0.8979704553810279,191.3368838574423,181.88578459958896,3.9328469401648527,586190300,50.091188955818154,11.076219317632873
2024-10-25 00:00:00-04:00,187.85000610351562,190.4499969482422,187.52999877929688,187.8300018310547,29362100,184.8042069825324,177.76406132467238,53.20690494042866,0.890217515161055,191.46306692463997,181.93560250895376,3.9426430205409124,615552400,59.29837337149448,11.54788284157775
2024-10-28 00:00:00-04:00,189.57000732421875,190.2100067138672,188.2100067138672,188.38999938964844,27930800,184.9448262926154,177.86979205168709,54.239680201461525,0.9186705152165757,190.8317188502646,183.57895009504793,3.8310260107031686,643483200,59.563411259836066,11.985856113812279
2024-10-29 00:00:00-04:00,188.5800018310547,191.4600067138672,187.82000732421875,190.8300018310547,35690200,185.17561749020126,177.9987493629246,58.53409520345385,1.1251376414666368,190.92720348750248,184.56479887252357,3.817381252056402,679173400,60.61214215176476,12.704783929664742
2024-10-30 00:00:00-04:00,194.6999969482422,195.61000061035156,192.4199981689453,192.72999572753906,37707600,185.4718676171557,178.14532892874166,61.559287704411766,1.4256440182599874,191.98610783414418,184.51389420036102,3.886139646859293,716881000,61.69913934246505,14.260776556662591
2024-10-31 00:00:00-04:00,190.50999450683594,190.60000610351562,185.22999572753906,186.39999389648438,75146800,185.50826472614898,178.22746489856996,48.7885474819752,1.1398794207545961,191.9999487435851,184.4667199575868,4.144272529226486,641734200,49.37783568851255,13.50179594765883
2024-11-01 00:00:00-04:00,199.0,200.5,197.02000427246094,197.92999267578125,99687800,185.99539131240908,178.42350995107955,63.600880606254776,1.8227716823594449,194.98017588577778,182.70115752893577,4.855396355961424,741422000,61.36088155905138,14.544211596242254
2024-11-04 00:00:00-05:00,196.4499969482422,197.3300018310547,194.30999755859375,195.77999877929688,38492100,186.3791014091498,178.59621133245486,60.10953839954251,2.165519420565545,196.3811751126538,182.39882570114827,4.767153410334714,702929900,60.450503800035435,14.87517614038308
2024-11-05 00:00:00-05:00,196.0399932861328,199.82000732421875,195.99000549316406,199.5,30564800,186.89364645192822,178.80420922964436,63.8111791002214,2.706127923426209,198.71447845526302,181.64018869968487,4.7152144913766545,733494700,65.28771345787287,15.554561124720253
2024-11-06 00:00:00-05:00,200.00999450683594,207.5500030517578,199.13999938964844,207.08999633789062,72292200,187.68566017294634,179.08565984763686,69.94023928933495,3.704312322440245,203.31483939027814,179.73316069110209,4.979128003571849,805786900,68.35023570359573,17.14284038024589
2024-11-07 00:00:00-05:00,207.44000244140625,212.25,207.19000244140625,210.0500030517578,52878400,188.56269322701738,179.39376276509083,71.93641349314095,4.680277132774677,207.7656665282197,178.28500078948866,4.992047693467386,858665300,69.42845673540964,19.0798086288517
2024-11-08 00:00:00-05:00,209.72000122070312,209.9600067138672,207.44000244140625,208.17999267578125,36075800,189.33199908775322,179.68019291345593,68.82679938712023,5.242410818767638,210.66412612688504,177.94520614850558,4.821901473244828,822589500,67.77905069829558,20.878422002557095
2024-11-11 00:00:00-05:00,208.5,209.64999389648438,205.58999633789062,206.83999633789062,35456000,190.0185872152096,179.95043971369907,66.60498027269117,5.516192080625302,212.7118064699674,178.26685767391282,4.767479765055465,787133500,62.260445346283156,22.08151479587492
2024-11-12 00:00:00-05:00,208.3699951171875,209.5399932861328,206.00999450683594,208.91000366210938,38942900,190.75942707587234,180.23859457885737,68.30701056134286,5.83295927084319,214.9123804511346,178.62761792126122,4.679088266072709,826076400,67.65312775532287,23.198672389670044
2024-11-13 00:00:00-05:00,209.39999389648438,215.08999633789062,209.13999938964844,214.10000610351562,46212900,191.6747439004858,180.57552404676443,72.14084910334569,6.428683511828751,217.57324155245914,179.88542340522315,4.786295723909033,872289300,72.15572110473114,24.8419938098183
2024-11-14 00:00:00-05:00,214.16000366210938,215.89999389648438,210.8800048828125,211.47999572753906,42620300,192.45142044272316,180.88303122766766,67.68930384422427,6.6131540009922105,219.01929786967185,181.78603253397398,4.802988101749236,829669000,66.14915820630799,26.44847735471173
2024-11-15 00:00:00-05:00,206.75999450683594,207.33999633789062,199.61000061035156,202.61000061035156,86591100,192.84979613557135,181.0992199777441,55.25769442499474,5.9747406255925455,218.7616070652772,184.0143898422749,5.307774317137683,743077900,57.01143934223798,25.424930162167932
2024-11-18 00:00:00-05:00,204.14999389648438,204.6699981689453,200.9499969482422,201.6999969482422,36512500,193.19686283410746,181.30420283317196,54.158738457820085,5.333878109135725,218.2022270887438,186.3484361599541,5.194361953106643,706565400,52.17854049061174,24.474493483377266
2024-11-19 00:00:00-05:00,199.3300018310547,205.3000030517578,198.77999877929688,204.61000061035156,31197900,193.6444368645484,181.53610131851704,57.09712550461314,5.003129955508683,217.91852086199748,188.46947555727337,5.289050690203378,737763300,51.86211137698003,23.186167238739745
2024-11-20 00:00:00-05:00,202.97999572753906,203.1300048828125,199.4499969482422,202.8800048828125,32769000,194.00661600251954,181.74847846841053,54.846329244434685,4.5489757035412595,217.5017910682714,190.2395399050359,5.279833045339521,704994300,54.647457356700215,21.98986429729062
2024-11-21 00:00:00-05:00,203.49000549316406,203.49000549316406,195.75,198.3800048828125,58800000,194.17812144880554,181.91396629342947,49.3921202386926,3.7823423072301523,215.15275963048427,194.18590614100012,5.4555596487555595,646194300,42.9121708939047,20.651692909564584
2024-11-22 00:00:00-05:00,198.25,199.25999450683594,196.75,197.1199951171875,31530800,194.29348904364406,182.0652700628201,47.954128814773526,3.03808639084275,215.24439309742135,193.98627299958386,5.245162138618444,614663500,43.34326532777894,19.409105192390406
2024-11-25 00:00:00-05:00,199.27999877929688,201.9499969482422,199.0,201.4499969482422,40685700,194.57413641245185,182.25815291740142,53.016382771940876,2.7657710879926753,214.70211112730448,195.2845547255601,5.2155078309353184,655349200,44.247835051242866,18.31616928350903
2024-11-26 00:00:00-05:00,201.89999389648438,208.0,201.7899932861328,207.86000061035156,41673700,195.09515069472243,182.5128976705651,59.323816862316136,3.0322392073753406,214.88673503340596,196.2145975675055,5.3108289181369255,697022900,41.49111036951591,18.310122852012967
2024-11-27 00:00:00-05:00,206.97999572753906,207.63999938964844,205.0500030517578,205.74000549316406,28061600,195.51259598093583,182.7440131712875,56.616669744277104,3.037338673812627,214.7616057410198,196.15972808059482,5.132198106740985,668961300,38.90801455493868,18.304508308480905
2024-11-29 00:00:00-05:00,205.8300018310547,208.1999969482422,204.58999633789062,207.88999938964844,24892400,195.99798434990495,182.99422198938063,58.67620856735466,3.1782299207544042,214.39310643471094,196.24022689862238,5.02346971414174,693853700,44.0583319105372,18.390203484742468
2024-12-02 00:00:00-05:00,209.9600067138672,212.99000549316406,209.50999450683594,210.7100067138672,39523200,196.57492640339368,183.27000094186312,61.27312089769108,3.477353505666372,214.85755343528842,196.11311510312305,5.028936599097017,733376900,50.70705767994229,19.190781225099805
2024-12-03 00:00:00-05:00,210.30999755859375,214.02000427246094,209.64999389648438,213.44000244140625,32214800,197.23630193429614,183.57019996175907,63.65437470236809,3.889859067487521,216.09629957825143,195.75436977396208,4.981870440302699,765591700,50.17717844800572,20.076080934044196
2024-12-04 00:00:00-05:00,215.9600067138672,220.0,215.75,218.16000366210938,48745700,198.05683925695547,183.91437711300634,67.38803638862072,4.5452426213637125,218.35167744306628,194.73232524248058,5.094593805894917,814337400,50.5103790402273,21.631051722510907
2024-12-05 00:00:00-05:00,218.02999877929688,222.14999389648438,217.3000030517578,220.5500030517578,41140200,198.93892411165362,184.27891070443673,69.1179684325006,5.197577349969549,220.23180369709755,193.71219858154828,5.0771221658114625,855477600,58.160507796654905,23.302927651221157
2024-12-06 00:00:00-05:00,220.75,227.14999389648438,220.60000610351562,227.02999877929688,44178100,200.04053488293374,184.70429466538062,73.2596837675694,6.166356897940545,224.5431970977104,191.4741389211698,5.185898500019683,899655700,71.15253732270634,25.329796985855033
2024-12-09 00:00:00-05:00,227.2100067138672,230.0800018310547,225.6699981689453,226.08999633789062,46819400,201.06208239097128,185.11609269197277,71.7562881021595,6.780114390079831,228.09425848441094,191.05374363147445,5.130477440168947,852836300,78.45786626063203,27.456452405274483
2024-12-10 00:00:00-05:00,226.08999633789062,229.05999755859375,224.1999969482422,225.0399932861328,31199900,202.00239262215408,185.51334543420322,70.02757235472527,7.099951334036433,230.63815092643816,191.62185070116598,5.111157666610562,821636400,72.4456289554052,29.022703592824463
2024-12-11 00:00:00-05:00,226.41000366210938,231.1999969482422,226.25999450683594,230.25999450683594,35385800,203.11053387253378,185.95858572348314,73.45180559678838,7.6860350617618,234.17363257135497,191.50636824244714,5.18607523771762,857022200,78.49053257240023,30.674655833391235
2024-12-12 00:00:00-05:00,229.8300018310547,231.08999633789062,227.6300048828125,228.97000122070312,28204100,204.12463063128553,186.38656000703756,71.28441329319509,7.954721879043063,236.62359625063266,192.53507074155482,5.062783538957655,828818100,82.2020250627148,32.2086114853461
2024-12-13 00:00:00-05:00,228.39999389648438,230.1999969482422,225.86000061035156,227.4600067138672,28768100,205.03974341883773,186.79525101904582,68.72794159888457,7.954123990281687,237.6173068309239,195.41869373873755,5.011155881738581,800050000,81.96528090140579,33.09167269943056
2024-12-16 00:00:00-05:00,230.22999572753906,233.0,228.00999450683594,232.92999267578125,37552100,206.13347868381592,187.25430317483423,72.56615112258586,8.299362427783365,238.75146327102584,199.05920363978146,5.048929982052455,837602100,82.0485987314204,34.22134086591944
2024-12-17 00:00:00-05:00,232.38999938964844,232.72999572753906,227.85000610351562,231.14999389648438,35948100,207.11451849607744,187.6910762168407,69.57364436876847,8.333274549668033,239.24067911299005,202.52998739091618,5.051148309924824,801654000,74.57006422567565,35.2193703215802
2024-12-18 00:00:00-05:00,230.77000427246094,231.39999389648438,220.11000061035156,220.52000427246094,43281400,207.6402238206415,188.01773221739415,54.98956142041746,7.4169014039328545,238.72528858312012,204.73337840906737,5.496780093939681,758372600,67.03310966150205,34.032026407983416
2024-12-19 00:00:00-05:00,224.91000366210938,226.08999633789062,222.9199981689453,223.2899932861328,39918700,208.2539402702686,188.3686999892224,57.49021303344004,6.835389927265936,237.59153390162555,208.20713146295776,5.502009520474681,798291300,68.082530961456,32.929492773929255
2024-12-20 00:00:00-05:00,219.83999633789062,226.2100067138672,218.72999572753906,224.9199981689453,88279200,208.90751116825592,188.73239449847338,58.9359756694534,6.431922465517459,236.35209198283883,211.71723988565077,5.6432953394642125,886570500,55.76888966814463,30.961859239534
2024-12-23 00:00:00-05:00,225.00999450683594,226.8800048828125,223.89999389648438,225.05999755859375,28070000,209.54094200709272,189.09386318563878,59.064749448660145,6.053685260580863,235.04084679391633,214.94181718720347,5.453060742811635,914640500,55.59282123635286,29.262001996107063
2024-12-24 00:00:00-05:00,226.94000244140625,229.13999938964844,226.1300048828125,229.0500030517578,15007500,210.3060032245306,189.49143671664493,62.65881552506728,6.006648740377756,234.12343602682424,217.9405613690091,5.354985106257567,929648000,52.99039277843796,28.108015947554037
2024-12-26 00:00:00-05:00,228.5,228.5,226.6699981689453,227.0500030517578,16146700,210.96263066873559,189.86515379460627,59.823498678992244,5.741800768818337,233.53970812937393,219.70962251841252,5.142486518868634,913501300,47.713841781724724,27.036457473897652
2024-12-27 00:00:00-05:00,225.60000610351562,226.02999877929688,220.89999389648438,223.75,27367100,211.46409613270674,190.20231644341618,55.371312998921944,5.205617063110822,233.16247634833607,220.513520559216,5.214452421468978,886134200,40.57629551459058,25.45637046513201
2024-12-30 00:00:00-05:00,220.05999755859375,223.0,218.42999267578125,221.3000030517578,28321200,211.84981797266954,190.5117461609121,52.26160177165992,4.530765490823654,233.3541144157533,219.55788306146027,5.221992057379675,857813000,32.468894624150195,24.453885289108264
2024-12-31 00:00:00-05:00,222.97000122070312,223.22999572753906,218.94000244140625,219.38999938964844,24819700,212.1455113615707,190.7990919641831,49.90838416551038,3.7980380068312627,233.7594587209668,218.25920582981445,5.155420716576328,832993300,32.945428622965736,23.468768096792797
